,price(Â£),mileage(mi),door_count,body_style,engine_size(cc),transmission,year,brand,model
0,14950,99856.0,4.0,Saloon,4163.0,Manual,2007.0,Audi,RS4
1,13995,58000.0,4.0,Saloon,1968.0,Automatic,2015.0,Audi,A6
2,10950,49780.0,4.0,Saloon,1968.0,Automatic,2014.0,Audi,A6
3,12500,38007.0,4.0,Saloon,1968.0,Manual,2012.0,Audi,A4
4,21100,10395.0,4.0,Saloon,1498.0,Manual,2018.0,Audi,A3
5,15900,20449.0,4.0,Saloon,1968.0,Manual,2016.0,Audi,A4
7,19750,55057.0,4.0,Saloon,2967.0,Automatic,2016.0,Audi,A8
8,17490,28398.0,4.0,Saloon,1598.0,Manual,2017.0,Audi,A3
9,24950,5000.0,4.0,Saloon,999.0,Manual,2020.0,Audi,A3
10,29480,6740.0,4.0,Saloon,1998.0,Automatic,2020.0,BMW,3
12,44315,7694.0,4.0,Saloon,2993.0,Automatic,2019.0,BMW,7
13,16500,47500.0,4.0,Saloon,2993.0,Automatic,2015.0,BMW,3
14,19250,33964.0,4.0,Saloon,1998.0,Automatic,2018.0,BMW,3
15,5995,119392.0,4.0,Saloon,1995.0,Manual,2012.0,BMW,3
16,8950,48941.0,4.0,Saloon,1995.0,Automatic,2014.0,BMW,3
17,15999,51394.0,4.0,Saloon,2993.0,Automatic,2016.0,BMW,3
18,17400,40000.0,4.0,Saloon,1998.0,Automatic,2017.0,BMW,3
19,28500,11945.0,4.0,Saloon,1998.0,Automatic,2019.0,BMW,3
21,21480,20032.0,4.0,Saloon,2000.0,Automatic,2019.0,Mercedes-Benz,C
22,24995,28000.0,4.0,Saloon,5000.0,Automatic,2018.0,Mercedes-Benz,S
23,22495,5971.0,4.0,Saloon,1950.0,Automatic,2019.0,Mercedes-Benz,E
24,20450,6826.0,4.0,Saloon,1500.0,Automatic,2019.0,Mercedes-Benz,C
25,16950,12149.0,4.0,Saloon,2000.0,Automatic,2016.0,Mercedes-Benz,C
26,32481,2000.0,4.0,Saloon,1950.0,Automatic,2020.0,Mercedes-Benz,A
27,16995,29000.0,4.0,Saloon,2143.0,Automatic,2018.0,Mercedes-Benz,C
28,28990,6390.0,4.0,Saloon,1950.0,Automatic,2019.0,Mercedes-Benz,C
29,12695,107850.0,4.0,Saloon,1991.0,Automatic,2016.0,Mercedes-Benz,C
30,94495,13710.0,2.0,Saloon,5500.0,Automatic,2006.0,Ferrari,612
31,79999,26000.0,2.0,Saloon,3586.0,Manual,2004.0,Ferrari,360
32,14700,25000.0,4.0,Saloon,1999.0,Automatic,2015.0,Ford,Mondeo
33,12999,50000.0,4.0,Saloon,1999.0,Automatic,2017.0,Ford,Mondeo
34,28000,10.0,4.0,Saloon,1999.0,Automatic,2020.0,Ford,Mondeo
35,41999,1801.0,2.0,Saloon,5038.0,Automatic,2019.0,Ford,Mustang
36,28999,10380.0,2.0,Saloon,2300.0,Automatic,2018.0,Ford,Mustang
37,18025,12259.0,4.0,Saloon,2.0,Automatic,2019.0,Ford,Mondeo
38,1999,58000.0,4.0,Saloon,2495.0,Manual,2001.0,Ford,Mondeo
39,1000,79000.0,4.0,Saloon,1596.0,Automatic,2004.0,Ford,Focus
40,15998,32856.0,4.0,Saloon,1999.0,Automatic,2018.0,Ford,Mondeo
41,18995,15015.0,4.0,Saloon,1999.0,Automatic,2018.0,Ford,Mondeo
42,4495,42800.0,4.0,Saloon,2354.0,Automatic,2005.0,Honda,Accord
43,895,120000.0,4.0,Saloon,2204.0,Manual,2004.0,Honda,Accord
44,13790,22677.0,4.0,Saloon,1597.0,Manual,2019.0,Honda,Civic
45,4500,92000.0,4.0,Saloon,2199.0,Manual,2012.0,Honda,Accord
46,7490,63797.0,4.0,Saloon,1997.0,Manual,2009.0,Honda,Accord
47,3495,100269.0,4.0,Saloon,1339.0,Automatic,2008.0,Honda,Civic
48,14900,6489.0,4.0,Saloon,988.0,Automatic,2019.0,Honda,Civic
49,4000,70000.0,4.0,Saloon,1339.0,Automatic,2008.0,Honda,Civic
50,1995,140000.0,4.0,Saloon,2204.0,Manual,2006.0,Honda,Accord
51,2495,109738.0,4.0,Saloon,1998.0,Automatic,2006.0,Honda,Accord
52,22995,8700.0,4.0,Saloon,999.0,Manual,2019.0,Audi,A3
53,17999,41804.0,5.0,Saloon,999.0,Manual,2018.0,Audi,Q2
54,16499,34000.0,4.0,Saloon,1968.0,Automatic,2016.0,Audi,A4
55,30981,3500.0,4.0,Saloon,1984.0,Automatic,2020.0,Audi,A4
56,12995,73000.0,4.0,Saloon,1968.0,Automatic,2016.0,Audi,A6
57,17299,26000.0,4.0,Saloon,1968.0,Manual,2017.0,Audi,A4
58,7990,119000.0,4.0,Saloon,1968.0,Manual,2015.0,Audi,A4
59,9500,116605.0,4.0,Saloon,1968.0,Manual,2014.0,Audi,A6
60,19399,41700.0,4.0,Saloon,1798.0,Automatic,2018.0,Audi,A6
61,15498,30153.0,4.0,Saloon,1968.0,Manual,2017.0,Audi,A4
62,16498,40761.0,4.0,Saloon,2993.0,Automatic,2017.0,BMW,3
63,25980,5608.0,4.0,Saloon,1995.0,Manual,2019.0,BMW,3
64,10985,132000.0,4.0,Saloon,2993.0,Automatic,2013.0,BMW,7
65,26500,14966.0,5.0,Saloon,3.0,Automatic,2018.0,BMW,4
66,16990,62407.0,4.0,Saloon,2993.0,Automatic,2015.0,BMW,3
68,18500,33203.0,4.0,Saloon,1995.0,Automatic,2017.0,BMW,3
70,4490,50971.0,4.0,Saloon,1995.0,Manual,2010.0,BMW,3
71,19298,25981.0,4.0,Saloon,1998.0,Automatic,2017.0,BMW,3
72,8251,61000.0,4.0,Saloon,2987.0,Automatic,2009.0,Mercedes-Benz,S
73,26400,8000.0,4.0,Saloon,1950.0,Automatic,2019.0,Mercedes-Benz,C
74,18600,41771.0,4.0,Saloon,1950.0,Automatic,2017.0,Mercedes-Benz,E
75,32995,78323.0,4.0,Saloon,2496.0,Manual,1990.0,Mercedes-Benz,190
76,13500,58724.0,4.0,Saloon,2143.0,Automatic,2015.0,Mercedes-Benz,E
77,5450,175850.0,4.0,Saloon,3222.0,Manual,2003.0,Mercedes-Benz,E
78,24475,14425.0,4.0,Saloon,2.0,Automatic,2017.0,Mercedes-Benz,E
79,33980,11917.0,4.0,Saloon,2925.0,Manual,2018.0,Mercedes-Benz,S
80,21490,32760.0,4.0,Saloon,1950.0,Automatic,2017.0,Mercedes-Benz,E
81,19900,38309.0,4.0,Saloon,1950.0,Automatic,2018.0,Mercedes-Benz,E
82,12698,31828.0,4.0,Saloon,1999.0,Automatic,2015.0,Ford,Mondeo
83,2800,46948.0,4.0,Saloon,1596.0,Manual,2005.0,Ford,Focus
84,9995,69318.0,4.0,Saloon,1999.0,Automatic,2015.0,Ford,Mondeo
85,3499,66000.0,4.0,Saloon,1597.0,Manual,1993.0,Ford,Orion
86,18300,15699.0,4.0,Saloon,1999.0,Automatic,2018.0,Ford,Mondeo
87,13299,47000.0,4.0,Saloon,1999.0,Automatic,2017.0,Ford,Mondeo
89,17000,21390.0,4.0,Saloon,2000.0,Automatic,2019.0,Ford,Mondeo
90,995,83000.0,4.0,Saloon,1989.0,Automatic,2003.0,Ford,Focus
91,13720,50657.0,4.0,Saloon,1999.0,Automatic,2018.0,Ford,Mondeo
92,1650,133682.0,4.0,Saloon,2199.0,Manual,2008.0,Honda,Accord
93,1795,112000.0,4.0,Saloon,1998.0,Manual,2007.0,Honda,Accord
94,4690,125000.0,4.0,Saloon,2199.0,Automatic,2013.0,Honda,Accord
95,2999,84000.0,4.0,Saloon,1339.0,Automatic,2006.0,Honda,Civic
96,1790,144000.0,4.0,Saloon,1998.0,Automatic,2007.0,Honda,Accord
97,6499,52000.0,4.0,Saloon,1997.0,Manual,2011.0,Honda,Accord
98,2895,116000.0,4.0,Saloon,1339.0,Automatic,2007.0,Honda,Civic
99,3790,71891.0,4.0,Saloon,1998.0,Automatic,2006.0,Honda,Accord
100,7850,60000.0,4.0,Saloon,1997.0,Automatic,2012.0,Honda,Accord
101,995,155000.0,4.0,Saloon,2204.0,Manual,2006.0,Honda,Accord
102,8999,63329.0,4.0,Saloon,1968.0,Manual,2013.0,Audi,A4
103,9495,67396.0,4.0,Saloon,2000.0,Manual,2013.0,Audi,A6
104,10995,51304.0,4.0,Saloon,1968.0,Manual,2013.0,Audi,A4
105,38000,5900.0,4.0,Saloon,3000.0,Automatic,2019.0,Audi,A8
106,30100,2999.0,4.0,Saloon,1968.0,Manual,2020.0,Audi,A6
107,15998,21997.0,4.0,Saloon,1984.0,Manual,2016.0,Audi,A4
109,29495,1163.0,4.0,Saloon,1498.0,Automatic,2020.0,Audi,A3
110,26500,29782.0,4.0,Saloon,2000.0,Automatic,2017.0,Audi,A3
111,22991,1948.0,4.0,Saloon,2000.0,Manual,2019.0,Audi,A4
113,3595,93000.0,4.0,Saloon,2497.0,Automatic,2005.0,BMW,5
114,15990,20973.0,4.0,Saloon,1995.0,Automatic,2016.0,BMW,3
115,17250,10414.0,4.0,Saloon,1995.0,Automatic,2016.0,BMW,5
116,30000,9395.0,4.0,Saloon,2000.0,Automatic,2019.0,BMW,5
117,21180,13836.0,4.0,Saloon,2993.0,Automatic,2017.0,BMW,3
118,16700,51272.0,4.0,Saloon,1995.0,Automatic,2016.0,BMW,3
119,2950,141000.0,4.0,Saloon,2996.0,Automatic,2006.0,BMW,3
120,5295,72000.0,4.0,Saloon,2993.0,Automatic,2006.0,BMW,3
121,23499,41526.0,4.0,Saloon,3000.0,Automatic,2017.0,BMW,5
122,19000,30527.0,4.0,Saloon,1950.0,Automatic,2017.0,Mercedes-Benz,E
123,29999,6845.0,4.0,Saloon,2000.0,Automatic,2019.0,Mercedes-Benz,C
124,13980,63430.0,4.0,Saloon,2143.0,Automatic,2014.0,Mercedes-Benz,C
125,25871,2368.0,4.0,Saloon,2000.0,Automatic,2019.0,Mercedes-Benz,C
126,1375,126439.0,4.0,Saloon,1796.0,Automatic,2004.0,Mercedes-Benz,C
127,30995,3838.0,4.0,Saloon,2000.0,Automatic,2020.0,Mercedes-Benz,E
128,26199,10369.0,4.0,Saloon,2000.0,Automatic,2019.0,Mercedes-Benz,C
129,18995,20500.0,5.0,Saloon,1595.0,Automatic,2017.0,Mercedes-Benz,A
130,19995,31354.0,4.0,Saloon,1950.0,Manual,2017.0,Mercedes-Benz,E
131,12950,54000.0,4.0,Saloon,2143.0,Automatic,2015.0,Mercedes-Benz,C
132,21500,327.0,4.0,Saloon,1999.0,Automatic,2020.0,Ford,Mondeo
133,9994,71000.0,4.0,Saloon,1999.0,Automatic,2016.0,Ford,Mondeo
134,2295,84000.0,4.0,Saloon,1596.0,Automatic,2006.0,Ford,Focus
135,12995,50000.0,4.0,Saloon,1997.0,Manual,2016.0,Ford,Mondeo
136,18995,3900.0,4.0,Saloon,2000.0,Automatic,2019.0,Ford,Mondeo
137,3150,122699.0,4.0,Saloon,1997.0,Automatic,2010.0,Ford,Mondeo
138,2195,71000.0,4.0,Saloon,1596.0,Automatic,2007.0,Ford,Focus
140,19900,14000.0,4.0,Saloon,1999.0,Automatic,2019.0,Ford,Mondeo
141,9600,40839.0,5.0,Saloon,1997.0,Automatic,2014.0,Ford,Mondeo
142,4200,125237.0,4.0,Saloon,3471.0,Automatic,2009.0,Honda,Legend
143,5900,98000.0,4.0,Saloon,3471.0,Automatic,2009.0,Honda,Legend
144,14499,5734.0,4.0,Saloon,1597.0,Manual,2018.0,Honda,Civic
145,17490,6381.0,4.0,Saloon,1597.0,Manual,2019.0,Honda,Civic
146,9901,44787.0,4.0,Saloon,2000.0,Manual,2013.0,Honda,Accord
147,16990,12889.0,4.0,Saloon,1597.0,Manual,2019.0,Honda,Civic
149,3995,81000.0,4.0,Saloon,2199.0,Manual,2008.0,Honda,Accord
150,16500,7804.0,4.0,Saloon,988.0,Automatic,2018.0,Honda,Civic
151,1495,114000.0,4.0,Saloon,1997.0,Manual,2004.0,Honda,Accord
152,21000,36609.0,4.0,Saloon,1968.0,Automatic,2017.0,Audi,A6
153,18999,9023.0,4.0,Saloon,1395.0,Manual,2018.0,Audi,A4
154,17999,7500.0,5.0,Saloon,1395.0,Manual,2018.0,Audi,Q2
156,18799,37000.0,4.0,Saloon,1968.0,Automatic,2018.0,Audi,A6
157,15499,27363.0,4.0,Saloon,1395.0,Manual,2018.0,Audi,A4
158,40999,5808.0,4.0,Saloon,2967.0,Automatic,2020.0,Audi,S4
159,4995,211000.0,4.0,Saloon,4172.0,Automatic,2008.0,Audi,A8
160,7995,98009.0,4.0,Saloon,1968.0,Manual,2014.0,Audi,A4
161,17990,23683.0,4.0,Saloon,1968.0,Automatic,2017.0,Audi,A3
162,15950,15500.0,4.0,Saloon,1995.0,Automatic,2014.0,BMW,5
163,20000,24105.0,4.0,Saloon,1995.0,Automatic,2018.0,BMW,3
164,8995,68000.0,4.0,Saloon,1995.0,Manual,2013.0,BMW,3
165,28695,8692.0,4.0,Saloon,1995.0,Automatic,2019.0,BMW,5
166,9450,38011.0,5.0,Saloon,1999.0,Manual,2014.0,BMW,3
167,11172,27427.0,4.0,Saloon,1995.0,Manual,2013.0,BMW,3
168,24995,23307.0,4.0,Saloon,2993.0,Automatic,2018.0,BMW,3
170,17995,19000.0,4.0,Saloon,1998.0,Automatic,2017.0,BMW,3
171,25270,21893.0,4.0,Saloon,1995.0,Automatic,2019.0,BMW,5
172,29799,9787.0,4.0,Saloon,2000.0,Automatic,2019.0,Mercedes-Benz,C
173,15950,34404.0,4.0,Saloon,2143.0,Automatic,2014.0,Mercedes-Benz,C
174,17990,18081.0,4.0,Saloon,1598.0,Manual,2017.0,Mercedes-Benz,C
175,27980,18784.0,4.0,Saloon,1950.0,Manual,2019.0,Mercedes-Benz,E
176,20999,3911.0,4.0,Saloon,2100.0,Automatic,2018.0,Mercedes-Benz,C
177,4650,134841.0,4.0,Saloon,2987.0,Automatic,2008.0,Mercedes-Benz,E
178,19980,13125.0,4.0,Saloon,1500.0,Automatic,2019.0,Mercedes-Benz,C
179,28699,4355.0,4.0,Saloon,2000.0,Automatic,2019.0,Mercedes-Benz,E
180,10495,35077.0,4.0,Saloon,1796.0,Automatic,2012.0,Mercedes-Benz,C
181,27699,319.0,4.0,Saloon,1500.0,Automatic,2020.0,Mercedes-Benz,A
182,6995,74000.0,4.0,Saloon,2935.0,Automatic,1998.0,Ford,Scorpio
183,14999,23307.0,4.0,Saloon,1999.0,Automatic,2016.0,Ford,Mondeo
184,1750,75000.0,4.0,Saloon,1997.0,Manual,2008.0,Ford,Focus
185,20000,6000.0,4.0,Saloon,1999.0,Automatic,2019.0,Ford,Mondeo
186,14975,53587.0,4.0,Saloon,1999.0,Automatic,2018.0,Ford,Mondeo
189,1695,30000.0,4.0,Saloon,1753.0,Manual,2006.0,Ford,Focus
190,1295,160000.0,4.0,Saloon,1997.0,Manual,2007.0,Ford,Focus
191,10000,49690.0,4.0,Saloon,1999.0,Automatic,2014.0,Ford,Mondeo
192,4195,62000.0,4.0,Saloon,1339.0,Automatic,2008.0,Honda,Civic
193,2190,66500.0,4.0,Saloon,2254.0,Automatic,2002.0,Honda,Accord
194,2975,116000.0,4.0,Saloon,1602.0,Manual,1983.0,Honda,Accord
195,6996,59659.0,4.0,Saloon,1997.0,Automatic,2010.0,Honda,Accord
196,1500,120435.0,4.0,Saloon,1998.0,Automatic,2006.0,Honda,Accord
197,1689,146000.0,4.0,Saloon,1998.0,Automatic,2006.0,Honda,Accord
198,950,150000.0,4.0,Saloon,2204.0,Manual,2006.0,Honda,Accord
199,5495,90285.0,4.0,Saloon,2199.0,Automatic,2011.0,Honda,Accord
200,4995,76000.0,4.0,Saloon,2199.0,Automatic,2009.0,Honda,Accord
201,6998,47501.0,4.0,Saloon,2199.0,Automatic,2011.0,Honda,Accord
202,12000,36800.0,4.0,Saloon,1968.0,Manual,2016.0,Audi,A3
203,11998,66000.0,4.0,Saloon,1968.0,Manual,2016.0,Audi,A4
204,11200,33610.0,4.0,Saloon,1395.0,Manual,2014.0,Audi,A3
205,20950,5655.0,4.0,Saloon,999.0,Automatic,2018.0,Audi,A3
206,6295,101681.0,4.0,Saloon,1968.0,Manual,2011.0,Audi,A6
208,29995,11310.0,4.0,Saloon,2000.0,Automatic,2019.0,Audi,A6
209,12695,44677.0,4.0,Saloon,1968.0,Manual,2014.0,Audi,A6
210,13495,56290.0,4.0,Saloon,1395.0,Manual,2014.0,Audi,A3
211,12400,24370.0,4.0,Saloon,1598.0,Automatic,2014.0,Audi,A3
212,11221,68220.0,4.0,Saloon,1995.0,Manual,2016.0,BMW,3
214,10750,70563.0,4.0,Saloon,1995.0,Automatic,2013.0,BMW,5
215,10600,64040.0,4.0,Saloon,1995.0,Manual,2015.0,BMW,5
217,60917,6415.0,4.0,Saloon,4395.0,Manual,2019.0,BMW,M5
218,14000,63848.0,4.0,Saloon,1995.0,Automatic,2015.0,BMW,5
219,27150,21158.0,4.0,Saloon,3.0,Automatic,2017.0,BMW,7
220,17500,22183.0,4.0,Saloon,1995.0,Automatic,2016.0,BMW,5
221,16600,40000.0,4.0,Saloon,1998.0,Automatic,2017.0,BMW,3
222,25000,49844.0,4.0,Saloon,2987.0,Automatic,2015.0,Mercedes-Benz,S
223,22900,68000.0,4.0,Saloon,2987.0,Manual,2016.0,Mercedes-Benz,S
224,21624,30406.0,4.0,Saloon,2143.0,Automatic,2018.0,Mercedes-Benz,C
226,19500,25000.0,4.0,Saloon,2143.0,Automatic,2017.0,Mercedes-Benz,C
227,17998,38546.0,4.0,Saloon,2143.0,Automatic,2015.0,Mercedes-Benz,CLA
228,13995,39000.0,4.0,Saloon,2143.0,Automatic,2015.0,Mercedes-Benz,E
229,17995,43000.0,4.0,Saloon,2143.0,Automatic,2016.0,Mercedes-Benz,C
230,14465,34900.0,4.0,Saloon,1600.0,Manual,2013.0,Mercedes-Benz,CLA
231,28899,2248.0,4.0,Saloon,2000.0,Automatic,2019.0,Mercedes-Benz,C
232,11850,81000.0,4.0,Saloon,1997.0,Manual,2016.0,Ford,Mondeo
233,18909,23958.0,4.0,Saloon,1999.0,Automatic,2019.0,Ford,Mondeo
234,18999,22964.0,4.0,Saloon,1999.0,Automatic,2018.0,Ford,Mondeo
235,13436,26071.0,4.0,Saloon,1999.0,Automatic,2016.0,Ford,Mondeo
237,19995,66540.0,3.0,Saloon,7500.0,Automatic,2009.0,Ford,Lincoln
238,17300,27455.0,4.0,Saloon,1999.0,Automatic,2018.0,Ford,Mondeo
239,19499,3630.0,4.0,Saloon,1999.0,Automatic,2019.0,Ford,Mondeo
240,15400,25909.0,4.0,Saloon,1999.0,Automatic,2015.0,Ford,Mondeo
241,12050,47384.0,4.0,Saloon,2.0,Automatic,2016.0,Ford,Mondeo
242,4495,72000.0,4.0,Saloon,1998.0,Automatic,2005.0,Honda,Accord
243,3995,46000.0,2.0,Saloon,1595.0,Automatic,1993.0,Honda,CRX
244,4285,122000.0,4.0,Saloon,2199.0,Manual,2011.0,Honda,Accord
245,8295,59000.0,4.0,Saloon,2354.0,Automatic,2011.0,Honda,Accord
246,4180,106548.0,4.0,Saloon,2199.0,Manual,2011.0,Honda,Accord
247,4399,63495.0,4.0,Saloon,1339.0,Automatic,2008.0,Honda,Civic
248,14995,6476.0,4.0,Saloon,1597.0,Manual,2019.0,Honda,Civic
249,4850,45000.0,4.0,Saloon,1339.0,Automatic,2008.0,Honda,Civic
250,4495,66000.0,4.0,Saloon,1339.0,Automatic,2008.0,Honda,Civic
251,5495,71946.0,4.0,Saloon,1997.0,Manual,2010.0,Honda,Accord
253,11200,31063.0,5.0,Hatchback,1400.0,Manual,2013.0,Audi,A3
254,14790,27259.0,3.0,Hatchback,1395.0,Manual,2016.0,Audi,A3
255,20500,36312.0,5.0,Hatchback,1968.0,Automatic,2017.0,Audi,A5
256,11995,40363.0,5.0,Hatchback,1395.0,Manual,2015.0,Audi,A1
257,8295,106340.0,5.0,Hatchback,1598.0,Manual,2016.0,Audi,A3
258,7995,65000.0,3.0,Hatchback,1400.0,Manual,2012.0,Audi,A1
260,6400,84664.0,3.0,Hatchback,1390.0,Automatic,2011.0,Audi,A1
261,15995,85000.0,5.0,Hatchback,2967.0,Automatic,2013.0,Audi,A7
262,16399,27966.0,5.0,Hatchback,1995.0,Automatic,2017.0,BMW,1
263,11600,25250.0,5.0,Hatchback,1499.0,Manual,2017.0,BMW,1
264,23980,8191.0,5.0,Hatchback,1995.0,Automatic,2020.0,BMW,1
265,7495,40000.0,5.0,Hatchback,1598.0,Manual,2012.0,BMW,1
266,18995,22479.0,5.0,Hatchback,2000.0,Automatic,2019.0,BMW,1
267,12650,37509.0,5.0,Hatchback,1997.0,Automatic,2013.0,BMW,3
268,12500,29636.0,5.0,Hatchback,1995.0,Manual,2016.0,BMW,1
269,31870,431.0,5.0,Hatchback,1.0,Automatic,2020.0,BMW,i3
270,7295,95000.0,5.0,Hatchback,1598.0,Manual,2015.0,BMW,1
271,13750,16084.0,5.0,Hatchback,1496.0,Manual,2017.0,BMW,1
272,24490,2985.0,5.0,Hatchback,1300.0,Automatic,2020.0,Mercedes-Benz,A
273,27629,2600.0,5.0,Hatchback,1300.0,Automatic,2020.0,Mercedes-Benz,A
275,12000,29706.0,5.0,Hatchback,1461.0,Automatic,2014.0,Mercedes-Benz,A
276,13498,32115.0,5.0,Hatchback,1461.0,Manual,2016.0,Mercedes-Benz,A
277,12152,44781.0,5.0,Hatchback,1461.0,Manual,2016.0,Mercedes-Benz,A
278,19000,9000.0,5.0,Hatchback,1600.0,Automatic,2018.0,Mercedes-Benz,A
280,11250,53586.0,5.0,Hatchback,1461.0,Automatic,2014.0,Mercedes-Benz,A
281,4549,50000.0,5.0,Hatchback,1498.0,Manual,2010.0,Mercedes-Benz,A
282,99950,27214.0,2.0,Hatchback,6262.0,Manual,2014.0,Ferrari,FF
283,119990,16207.0,3.0,Hatchback,6300.0,Automatic,2014.0,Ferrari,FF
284,184950,6275.0,2.0,Hatchback,6262.0,Automatic,2019.0,Ferrari,365
285,177990,846.0,3.0,Hatchback,6300.0,Automatic,2019.0,Ferrari,GTC4
286,159900,1750.0,3.0,Hatchback,6300.0,Manual,2019.0,Ferrari,GTC4
287,164950,8950.0,2.0,Hatchback,6262.0,Manual,2017.0,Ferrari,365
288,199990,6049.0,3.0,Hatchback,6300.0,Automatic,2019.0,Ferrari,GTC4
289,109950,27320.0,2.0,Hatchback,6262.0,Automatic,2013.0,Ferrari,FF
290,209990,7171.0,3.0,Hatchback,6300.0,Automatic,2019.0,Ferrari,GTC4
291,6250,25149.0,5.0,Hatchback,1388.0,Manual,2012.0,Ford,B-MAX
292,22000,1335.0,5.0,Hatchback,1000.0,Manual,2020.0,Ford,Puma
293,11000,7274.0,3.0,Hatchback,1100.0,Manual,2018.0,Ford,Fiesta
294,14799,19455.0,5.0,Hatchback,1000.0,Manual,2019.0,Ford,Focus
295,6798,62092.0,5.0,Hatchback,1499.0,Manual,2016.0,Ford,Fiesta
296,9600,23677.0,5.0,Hatchback,1499.0,Manual,2016.0,Ford,Focus
297,12900,53930.0,5.0,Hatchback,1498.0,Automatic,2017.0,Ford,Kuga
298,9995,22655.0,5.0,Hatchback,999.0,Manual,2018.0,Ford,Focus
299,7490,66978.0,5.0,Hatchback,1499.0,Manual,2016.0,Ford,Focus
300,17250,35680.0,5.0,Hatchback,1997.0,Automatic,2017.0,Ford,Kuga
301,20990,1387.0,5.0,Hatchback,1498.0,Manual,2020.0,Honda,HR-V
302,13490,25085.0,5.0,Hatchback,1498.0,Manual,2016.0,Honda,HR-V
303,1189,215000.0,5.0,Hatchback,2204.0,Manual,2009.0,Honda,Civic
304,6750,70582.0,5.0,Hatchback,1798.0,Manual,2014.0,Honda,Civic
305,19400,10852.0,5.0,Hatchback,1498.0,Automatic,2019.0,Honda,Civic
306,9490,15937.0,5.0,Hatchback,1318.0,Manual,2015.0,Honda,Jazz
307,1300,81000.0,5.0,Hatchback,1246.0,Manual,2008.0,Honda,Jazz
308,9990,14668.0,5.0,Hatchback,1300.0,Automatic,2016.0,Honda,Jazz
309,9927,47414.0,5.0,Hatchback,1300.0,Automatic,2016.0,Honda,Jazz
310,15000,14635.0,5.0,Hatchback,988.0,Automatic,2018.0,Honda,Civic
311,8600,45000.0,3.0,Hatchback,1197.0,Manual,2012.0,Audi,A1
312,9100,69203.0,5.0,Hatchback,1395.0,Manual,2013.0,Audi,A3
313,8295,61130.0,5.0,Hatchback,1598.0,Manual,2013.0,Audi,A3
314,8998,52976.0,5.0,Hatchback,1598.0,Manual,2014.0,Audi,A1
315,25499,14505.0,3.0,Hatchback,1984.0,Automatic,2017.0,Audi,S3
316,22500,5026.0,5.0,Hatchback,1500.0,Manual,2019.0,Audi,A3
317,11200,39273.0,5.0,Hatchback,1598.0,Manual,2015.0,Audi,A1
318,17000,22399.0,5.0,Hatchback,1495.0,Manual,2017.0,Audi,A3
319,12300,50000.0,5.0,Hatchback,1598.0,Manual,2015.0,Audi,A3
320,7995,99000.0,3.0,Hatchback,1390.0,Manual,2012.0,Audi,A1
321,21995,34000.0,5.0,Hatchback,2998.0,Automatic,2017.0,BMW,1
322,15890,19000.0,5.0,Hatchback,1496.0,Automatic,2017.0,BMW,1
323,29000,8514.0,5.0,Hatchback,2000.0,Automatic,2019.0,BMW,1
324,16400,29907.0,5.0,Hatchback,1995.0,Automatic,2017.0,BMW,1
325,7990,65000.0,3.0,Hatchback,1995.0,Manual,2013.0,BMW,1
326,22450,7437.0,5.0,Hatchback,1500.0,Automatic,2018.0,BMW,2
327,13498,35647.0,5.0,Hatchback,1496.0,Automatic,2016.0,BMW,1
328,11290,38490.0,5.0,Hatchback,1496.0,Manual,2015.0,BMW,1
330,13200,23725.0,5.0,Hatchback,1499.0,Manual,2017.0,BMW,1
331,16798,9175.0,5.0,Hatchback,1595.0,Automatic,2017.0,Mercedes-Benz,A
332,20250,11307.0,5.0,Hatchback,1500.0,Automatic,2019.0,Mercedes-Benz,A
333,12050,41806.0,5.0,Hatchback,1461.0,Manual,2015.0,Mercedes-Benz,A
334,17495,24585.0,5.0,Hatchback,2100.0,Automatic,2016.0,Mercedes-Benz,GLA
336,4250,86452.0,5.0,Hatchback,1992.0,Automatic,2011.0,Mercedes-Benz,B
337,16499,38740.0,5.0,Hatchback,2143.0,Manual,2017.0,Mercedes-Benz,A
338,21000,16421.0,5.0,Hatchback,1300.0,Automatic,2018.0,Mercedes-Benz,A
339,15499,41294.0,5.0,Hatchback,2143.0,Manual,2017.0,Mercedes-Benz,A
340,21000,8000.0,5.0,Hatchback,1332.0,Manual,2019.0,Mercedes-Benz,A
341,22400,10.0,5.0,Hatchback,999.0,Manual,2020.0,Ford,Puma
342,11699,33220.0,5.0,Hatchback,1997.0,Manual,2015.0,Ford,Kuga
344,12018,40407.0,5.0,Hatchback,1997.0,Manual,2017.0,Ford,Mondeo
345,17500,1000.0,5.0,Hatchback,1000.0,Manual,2020.0,Ford,Fiesta
346,2695,78597.0,3.0,Hatchback,1242.0,Manual,2010.0,Ford,KA
348,5485,81000.0,5.0,Hatchback,1596.0,Manual,2013.0,Ford,Focus
349,8800,38007.0,3.0,Hatchback,998.0,Manual,2016.0,Ford,Fiesta
350,5700,45712.0,3.0,Hatchback,1241.0,Manual,2014.0,Ford,Fiesta
351,8490,11843.0,5.0,Hatchback,1400.0,Manual,2014.0,Honda,Jazz
352,4790,40114.0,5.0,Hatchback,1339.0,Manual,2012.0,Honda,Jazz
353,1795,136000.0,5.0,Hatchback,1339.0,Manual,2008.0,Honda,Civic
355,2250,207000.0,5.0,Hatchback,1339.0,Automatic,2010.0,Honda,Insight
356,11500,7984.0,5.0,Hatchback,1318.0,Automatic,2017.0,Honda,Jazz
357,7000,40892.0,5.0,Hatchback,1798.0,Manual,2012.0,Honda,Civic
358,1450,56747.0,5.0,Hatchback,1246.0,Manual,2006.0,Honda,Jazz
359,16950,18925.0,5.0,Hatchback,1498.0,Manual,2019.0,Honda,Civic
360,8990,41000.0,5.0,Hatchback,1596.0,Manual,2014.0,Honda,Civic
361,11995,75399.0,5.0,Hatchback,1598.0,Manual,2016.0,Audi,A3
362,15000,21498.0,5.0,Hatchback,1495.0,Manual,2017.0,Audi,A3
363,10750,55000.0,5.0,Hatchback,1598.0,Manual,2015.0,Audi,A3
364,15999,22621.0,5.0,Hatchback,999.0,Manual,2018.0,Audi,A1
365,5995,91091.0,5.0,Hatchback,1598.0,Manual,2012.0,Audi,A1
366,24250,48000.0,5.0,Hatchback,1984.0,Manual,2017.0,Audi,S3
368,16700,10633.0,5.0,Hatchback,999.0,Automatic,2017.0,Audi,A3
369,11995,18725.0,3.0,Hatchback,1000.0,Manual,2017.0,Audi,A3
371,9800,102663.0,5.0,Hatchback,1995.0,Manual,2014.0,BMW,4
372,12450,59990.0,5.0,Hatchback,1496.0,Automatic,2017.0,BMW,1
373,6990,90.0,5.0,Hatchback,1995.0,Automatic,2012.0,BMW,1
374,8490,71630.0,3.0,Hatchback,1598.0,Manual,2013.0,BMW,1
375,19440,8602.0,5.0,Hatchback,1500.0,Manual,2019.0,BMW,1
376,10495,30267.0,5.0,Hatchback,1496.0,Manual,2015.0,BMW,1
377,15500,20294.0,5.0,Hatchback,1995.0,Manual,2017.0,BMW,1
378,14500,34603.0,5.0,Hatchback,1995.0,Manual,2017.0,BMW,1
379,18750,24490.0,5.0,Hatchback,1998.0,Manual,2017.0,BMW,1
380,4795,80000.0,5.0,Hatchback,1995.0,Manual,2011.0,BMW,1
381,11750,24715.0,5.0,Hatchback,1461.0,Automatic,2014.0,Mercedes-Benz,A
382,22900,7355.0,5.0,Hatchback,1595.0,Manual,2019.0,Mercedes-Benz,GLA
383,18980,13197.0,5.0,Hatchback,1500.0,Automatic,2019.0,Mercedes-Benz,A
384,15498,43178.0,5.0,Hatchback,1461.0,Manual,2017.0,Mercedes-Benz,A
385,21856,12617.0,5.0,Hatchback,1332.0,Automatic,2019.0,Mercedes-Benz,B
386,26199,6550.0,5.0,Hatchback,1300.0,Automatic,2019.0,Mercedes-Benz,A
387,17998,26904.0,5.0,Hatchback,1461.0,Automatic,2018.0,Mercedes-Benz,A
388,15490,36660.0,5.0,Hatchback,1461.0,Automatic,2017.0,Mercedes-Benz,A
389,15300,37743.0,5.0,Hatchback,1461.0,Manual,2016.0,Mercedes-Benz,A
390,19998,14375.0,5.0,Hatchback,1461.0,Automatic,2019.0,Mercedes-Benz,A
391,26305,3484.0,5.0,Hatchback,2000.0,Automatic,2020.0,Ford,Mondeo
392,8190,39079.0,5.0,Hatchback,999.0,Manual,2015.0,Ford,Focus
393,7990,41287.0,5.0,Hatchback,998.0,Manual,2016.0,Ford,Fiesta
394,16700,13503.0,5.0,Hatchback,1000.0,Manual,2019.0,Ford,Focus
395,10000,8828.0,3.0,Hatchback,1100.0,Manual,2018.0,Ford,Fiesta
396,9566,13050.0,5.0,Hatchback,1100.0,Manual,2018.0,Ford,Fiesta
397,9200,18797.0,5.0,Hatchback,999.0,Manual,2017.0,Ford,Focus
398,18000,100.0,5.0,Hatchback,1000.0,Manual,2020.0,Ford,Fiesta
400,3800,97469.0,5.0,Hatchback,1596.0,Manual,2012.0,Ford,Focus
401,11850,22848.0,5.0,Hatchback,1318.0,Automatic,2017.0,Honda,Jazz
403,7980,53083.0,5.0,Hatchback,1597.0,Manual,2015.0,Honda,Civic
404,9699,13894.0,5.0,Hatchback,1300.0,Manual,2018.0,Honda,Jazz
405,15990,24172.0,5.0,Hatchback,1500.0,Automatic,2017.0,Honda,Civic
406,11599,17410.0,5.0,Hatchback,988.0,Manual,2017.0,Honda,Civic
408,2695,114936.0,5.0,Hatchback,1339.0,Automatic,2006.0,Honda,Jazz
410,5299,66260.0,5.0,Hatchback,1799.0,Automatic,2011.0,Honda,Civic
411,8995,51000.0,5.0,Hatchback,1984.0,Manual,2012.0,Audi,A3
412,13990,22950.0,3.0,Hatchback,1395.0,Manual,2016.0,Audi,A3
413,13440,69987.0,5.0,Hatchback,1598.0,Automatic,2016.0,Audi,A3
414,19998,15126.0,5.0,Hatchback,999.0,Manual,2018.0,Audi,A3
415,27000,28034.0,5.0,Hatchback,3993.0,Automatic,2015.0,Audi,A7
416,12500,17391.0,3.0,Hatchback,1395.0,Manual,2018.0,Audi,A1
417,12995,12000.0,5.0,Hatchback,999.0,Manual,2017.0,Audi,A1
418,18999,4585.0,5.0,Hatchback,1395.0,Automatic,2018.0,Audi,A5
419,8995,70000.0,3.0,Hatchback,1968.0,Manual,2012.0,Audi,A3
420,9290,98239.0,5.0,Hatchback,1968.0,Manual,2014.0,Audi,A3
421,10990,28331.0,3.0,Hatchback,1600.0,Manual,2014.0,BMW,1
422,11950,35000.0,5.0,Hatchback,1496.0,Manual,2017.0,BMW,1
423,13495,62000.0,5.0,Hatchback,1.0,Automatic,2016.0,BMW,i3
424,14991,19321.0,5.0,Hatchback,1499.0,Manual,2017.0,BMW,1
426,9750,49677.0,5.0,Hatchback,1496.0,Manual,2015.0,BMW,1
427,10500,41664.0,5.0,Hatchback,1496.0,Manual,2016.0,BMW,1
428,14000,40897.0,3.0,Hatchback,1995.0,Automatic,2016.0,BMW,1
429,2994,148000.0,3.0,Hatchback,1995.0,Manual,2011.0,BMW,1
430,10000,27828.0,5.0,Hatchback,1995.0,Manual,2015.0,BMW,1
431,19480,17800.0,5.0,Hatchback,2100.0,Automatic,2017.0,Mercedes-Benz,GLA
432,23299,2718.0,5.0,Hatchback,1300.0,Manual,2020.0,Mercedes-Benz,A
433,14970,26901.0,5.0,Hatchback,1461.0,Manual,2017.0,Mercedes-Benz,A
434,22850,8425.0,5.0,Hatchback,1500.0,Automatic,2019.0,Mercedes-Benz,A
435,21000,9864.0,5.0,Hatchback,1595.0,Automatic,2018.0,Mercedes-Benz,GLA
436,11599,19050.0,5.0,Hatchback,1595.0,Manual,2015.0,Mercedes-Benz,A
437,12500,37021.0,5.0,Hatchback,1461.0,Manual,2017.0,Mercedes-Benz,A
438,16750,27645.0,5.0,Hatchback,1991.0,Automatic,2016.0,Mercedes-Benz,A
439,15998,30081.0,5.0,Hatchback,2143.0,Manual,2016.0,Mercedes-Benz,A
440,9990,57000.0,5.0,Hatchback,2143.0,Manual,2015.0,Mercedes-Benz,A
441,11200,10504.0,5.0,Hatchback,998.0,Manual,2018.0,Ford,Fiesta
442,9300,31788.0,3.0,Hatchback,998.0,Manual,2018.0,Ford,Fiesta
443,6280,87000.0,5.0,Hatchback,1498.0,Manual,2014.0,Ford,Focus
444,10518,9000.0,3.0,Hatchback,998.0,Manual,2018.0,Ford,Fiesta
445,10499,9678.0,5.0,Hatchback,998.0,Manual,2018.0,Ford,Fiesta
446,8990,25816.0,5.0,Hatchback,1000.0,Manual,2017.0,Ford,Fiesta
447,5995,40000.0,3.0,Hatchback,998.0,Manual,2014.0,Ford,Fiesta
448,2200,91000.0,5.0,Hatchback,1997.0,Manual,2008.0,Ford,Mondeo
449,7995,26700.0,5.0,Hatchback,1198.0,Manual,2017.0,Ford,KA
450,11869,14140.0,5.0,Hatchback,1000.0,Manual,2019.0,Ford,Fiesta
451,18995,10248.0,5.0,Hatchback,1498.0,Automatic,2018.0,Honda,Civic
452,6698,51367.0,5.0,Hatchback,1798.0,Manual,2013.0,Honda,Civic
453,3990,85000.0,5.0,Hatchback,1339.0,Manual,2013.0,Honda,Jazz
454,6940,36729.0,5.0,Hatchback,1339.0,Manual,2014.0,Honda,Civic
455,9490,10000.0,5.0,Hatchback,1400.0,Automatic,2014.0,Honda,Jazz
456,10695,8771.0,5.0,Hatchback,1318.0,Manual,2017.0,Honda,Jazz
457,2500,78000.0,5.0,Hatchback,1799.0,Automatic,2007.0,Honda,Civic
458,10495,12164.0,5.0,Hatchback,1318.0,Automatic,2017.0,Honda,Jazz
459,9995,46000.0,5.0,Hatchback,1339.0,Manual,2017.0,Honda,Civic
460,11899,12944.0,5.0,Hatchback,1300.0,Automatic,2018.0,Honda,Jazz
461,22450,32000.0,5.0,Hatchback,1968.0,Automatic,2017.0,Audi,A5
462,3995,114000.0,5.0,Hatchback,1595.0,Manual,2011.0,Audi,A3
463,14995,17745.0,3.0,Hatchback,1000.0,Manual,2018.0,Audi,A1
464,11961,24881.0,5.0,Hatchback,1395.0,Manual,2017.0,Audi,A1
465,18750,17989.0,5.0,Hatchback,1498.0,Manual,2017.0,Audi,A3
466,18018,23620.0,5.0,Hatchback,1498.0,Manual,2018.0,Audi,A3
467,7498,61507.0,5.0,Hatchback,1598.0,Manual,2013.0,Audi,A1
468,5750,96000.0,3.0,Hatchback,1598.0,Manual,2011.0,Audi,A1
469,16999,20000.0,5.0,Hatchback,1395.0,Manual,2017.0,Audi,A3
470,58950,5000.0,5.0,Hatchback,2967.0,Automatic,2020.0,Audi,A5
471,15991,9181.0,5.0,Hatchback,1499.0,Automatic,2018.0,BMW,1
472,13280,24000.0,5.0,Hatchback,1499.0,Manual,2017.0,BMW,1
473,7990,62392.0,5.0,Hatchback,1598.0,Manual,2014.0,BMW,1
474,10595,40000.0,5.0,Hatchback,1496.0,Manual,2015.0,BMW,1
475,10490,42000.0,5.0,Hatchback,1499.0,Manual,2016.0,BMW,1
476,12990,29000.0,5.0,Hatchback,1496.0,Manual,2015.0,BMW,1
477,4500,112000.0,5.0,Hatchback,1995.0,Manual,2012.0,BMW,1
478,12998,55329.0,5.0,Hatchback,1995.0,Automatic,2015.0,BMW,1
479,24995,15000.0,5.0,Hatchback,2998.0,Automatic,2018.0,BMW,1
480,10795,72020.0,5.0,Hatchback,1995.0,Manual,2015.0,BMW,1
481,8250,84030.0,5.0,Hatchback,1595.0,Manual,2013.0,Mercedes-Benz,A
482,9974,45400.0,5.0,Hatchback,1796.0,Automatic,2014.0,Mercedes-Benz,B
483,16350,22059.0,5.0,Hatchback,1595.0,Automatic,2017.0,Mercedes-Benz,A
484,15795,39902.0,5.0,Hatchback,2143.0,Automatic,2016.0,Mercedes-Benz,A
485,23000,18066.0,5.0,Hatchback,1991.0,Automatic,2017.0,Mercedes-Benz,GLA
486,18899,17320.0,5.0,Hatchback,1500.0,Automatic,2019.0,Mercedes-Benz,A
487,15500,28522.0,5.0,Hatchback,1461.0,Manual,2017.0,Mercedes-Benz,A
488,16800,35957.0,5.0,Hatchback,2143.0,Manual,2017.0,Mercedes-Benz,A
489,14599,52000.0,5.0,Hatchback,1461.0,Automatic,2017.0,Mercedes-Benz,A
491,7000,36985.0,5.0,Hatchback,998.0,Manual,2014.0,Ford,Fiesta
492,11295,18829.0,5.0,Hatchback,999.0,Manual,2018.0,Ford,Focus
493,7398,46088.0,5.0,Hatchback,1000.0,Manual,2016.0,Ford,Focus
494,6650,84000.0,5.0,Hatchback,1997.0,Manual,2013.0,Ford,Mondeo
496,17600,1253.0,5.0,Hatchback,999.0,Manual,2020.0,Ford,EcoSport
497,1695,138000.0,5.0,Hatchback,1596.0,Manual,2008.0,Ford,Focus
498,5795,70000.0,5.0,Hatchback,998.0,Manual,2013.0,Ford,Fiesta
499,9500,34420.0,5.0,Hatchback,1.0,Manual,2017.0,Ford,Fiesta
500,6498,40194.0,5.0,Hatchback,1242.0,Manual,2015.0,Ford,Fiesta
501,7995,52000.0,5.0,Hatchback,1600.0,Manual,2014.0,Honda,Civic
502,6290,58682.0,5.0,Hatchback,1798.0,Manual,2012.0,Honda,Civic
503,3997,89003.0,5.0,Hatchback,1339.0,Automatic,2009.0,Honda,Jazz
504,13750,19961.0,5.0,Hatchback,1498.0,Manual,2016.0,Honda,HR-V
505,11000,36768.0,5.0,Hatchback,1597.0,Manual,2016.0,Honda,Civic
506,12498,6728.0,5.0,Hatchback,1300.0,Manual,2019.0,Honda,Jazz
507,14750,26182.0,5.0,Hatchback,988.0,Manual,2018.0,Honda,Civic
508,4750,57000.0,5.0,Hatchback,1339.0,Manual,2012.0,Honda,Jazz
510,5494,68000.0,3.0,Hatchback,1998.0,Manual,2008.0,Honda,Civic
511,23100,8024.0,5.0,4x4,1498.0,Manual,2019.0,Audi,Q2
512,18600,31851.0,5.0,4x4,1968.0,Manual,2017.0,Audi,Q5
513,33995,37000.0,5.0,4x4,2967.0,Automatic,2016.0,Audi,Q7
514,19000,42234.0,5.0,4x4,1968.0,Automatic,2016.0,Audi,Q3
515,19500,22073.0,5.0,4x4,1968.0,Automatic,2015.0,Audi,Q3
516,16300,24035.0,5.0,4x4,1598.0,Manual,2017.0,Audi,Q2
517,18363,33300.0,5.0,4x4,1598.0,Manual,2018.0,Audi,Q2
518,29300,13031.0,5.0,4x4,1984.0,Manual,2019.0,Audi,Q3
519,32246,2881.0,5.0,4x4,1984.0,Manual,2020.0,Audi,Q3
520,19700,26519.0,5.0,4x4,1968.0,Manual,2017.0,Audi,Q3
521,31991,650.0,5.0,4x4,1998.0,Automatic,2019.0,BMW,X2
522,22495,70579.0,5.0,4x4,3000.0,Automatic,2014.0,BMW,X5
524,55320,6700.0,5.0,4x4,2993.0,Automatic,2019.0,BMW,X3
526,36715,10377.0,5.0,4x4,2993.0,Automatic,2019.0,BMW,X4
527,29000,4031.0,5.0,4x4,1995.0,Automatic,2019.0,BMW,X1
528,72943,4532.0,5.0,4x4,2998.0,Automatic,2020.0,BMW,X7
529,66995,959.0,5.0,4x4,2993.0,Automatic,2020.0,BMW,X3
530,17167,17577.0,5.0,4x4,1995.0,Automatic,2017.0,BMW,X1
531,31584,3133.0,5.0,4x4,1332.0,Manual,2020.0,Mercedes-Benz,GL
532,31062,12860.0,5.0,4x4,2143.0,Manual,2019.0,Mercedes-Benz,GLC
533,19599,47048.0,5.0,4x4,2143.0,Automatic,2015.0,Mercedes-Benz,M
534,28808,23444.0,5.0,4x4,2987.0,Manual,2017.0,Mercedes-Benz,GLC
535,43980,12300.0,5.0,4x4,1950.0,Manual,2019.0,Mercedes-Benz,GLE
536,36235,4943.0,5.0,4x4,1950.0,Manual,2020.0,Mercedes-Benz,GL
537,33050,12586.0,5.0,4x4,2143.0,Manual,2019.0,Mercedes-Benz,GLC
538,27000,34750.0,5.0,4x4,2100.0,Automatic,2017.0,Mercedes-Benz,GLE
540,30980,13663.0,5.0,4x4,2143.0,Manual,2019.0,Mercedes-Benz,GLC
542,159990,2331.0,2.0,Convertible,4000.0,Automatic,2019.0,Ferrari,Portofino
543,174800,4178.0,2.0,-,3902.0,Automatic,2016.0,Ferrari,488
544,113950,15000.0,2.0,Convertible,4497.0,Automatic,2013.0,Ferrari,458
545,78950,24879.0,2.0,Convertible,4297.0,Automatic,2012.0,Ferrari,California
546,246500,1635.0,2.0,Coupe,6496.0,Automatic,2018.0,Ferrari,812
548,169950,6500.0,2.0,Convertible,3902.0,Manual,2016.0,Ferrari,488
549,164500,9336.0,2.0,-,4497.0,Automatic,2013.0,Ferrari,458
551,16999,27367.0,5.0,4x4,1997.0,Manual,2017.0,Ford,Kuga
552,15422,13562.0,5.0,4x4,1997.0,Manual,2018.0,Ford,Kuga
553,16700,7188.0,5.0,4x4,1997.0,Automatic,2018.0,Ford,Kuga
554,23195,2483.0,5.0,4x4,1997.0,Automatic,2019.0,Ford,Kuga
555,7595,89772.0,5.0,4x4,1997.0,Manual,2011.0,Ford,Kuga
556,15750,42341.0,5.0,4x4,1498.0,Automatic,2018.0,Ford,Kuga
557,11490,45000.0,5.0,4x4,1997.0,Manual,2015.0,Ford,Kuga
558,13599,22413.0,5.0,4x4,1500.0,Manual,2017.0,Ford,Kuga
559,13700,25224.0,5.0,4x4,1498.0,Automatic,2017.0,Ford,Kuga
560,8990,50000.0,5.0,4x4,1997.0,Manual,2014.0,Ford,Kuga
561,3595,97000.0,5.0,4x4,1997.0,Manual,2007.0,Honda,CR-V
562,16995,23673.0,5.0,4x4,1597.0,Automatic,2015.0,Honda,CR-V
563,29595,8343.0,5.0,4x4,1993.0,Manual,2020.0,Honda,CR-V
564,28965,4.0,5.0,4x4,1498.0,Manual,2020.0,Honda,CR-V
565,16489,21789.0,5.0,4x4,2000.0,Automatic,2017.0,Honda,CR-V
566,17241,25000.0,5.0,4x4,1997.0,Automatic,2016.0,Honda,CR-V
567,35995,10.0,5.0,4x4,1993.0,Manual,2020.0,Honda,CR-V
568,9995,113000.0,5.0,4x4,1997.0,Automatic,2017.0,Honda,CR-V
569,17465,56554.0,5.0,4x4,1597.0,Manual,2017.0,Honda,CR-V
570,17290,17500.0,5.0,4x4,1997.0,Manual,2018.0,Honda,CR-V
571,21178,22000.0,5.0,4x4,1395.0,Manual,2017.0,Audi,Q2
572,25000,9408.0,5.0,4x4,1395.0,Automatic,2018.0,Audi,Q3
573,28821,30047.0,5.0,4x4,1984.0,Manual,2018.0,Audi,Q5
574,41495,3264.0,5.0,4x4,2967.0,Automatic,2019.0,Audi,Q7
575,21500,41648.0,5.0,4x4,1968.0,Automatic,2016.0,Audi,Q5
576,18000,37963.0,5.0,4x4,2000.0,Automatic,2016.0,Audi,Q3
577,35520,6400.0,5.0,4x4,1968.0,Manual,2020.0,Audi,Q5
578,11867,57773.0,5.0,4x4,1968.0,Manual,2013.0,Audi,Q3
579,52473,9879.0,5.0,4x4,2967.0,Automatic,2020.0,Audi,Q7
580,18750,15994.0,5.0,4x4,1395.0,Manual,2017.0,Audi,Q3
581,15990,46356.0,5.0,4x4,1995.0,Automatic,2014.0,BMW,X3
582,23990,123.0,5.0,4x4,1998.0,Automatic,2019.0,BMW,X2
583,77995,80.0,5.0,4x4,2993.0,Automatic,2020.0,BMW,X3
584,9000,68660.0,5.0,4x4,1995.0,Automatic,2012.0,BMW,X1
586,10795,51050.0,5.0,4x4,1995.0,Automatic,2014.0,BMW,X1
587,11495,92000.0,5.0,4x4,3000.0,Automatic,2009.0,BMW,X6
588,31995,110.0,5.0,4x4,1995.0,Manual,2020.0,BMW,X1
589,38990,36738.0,5.0,4x4,4395.0,Automatic,2016.0,BMW,X6
590,8995,52744.0,5.0,4x4,1995.0,Automatic,2012.0,BMW,X1
591,34050,2895.0,5.0,4x4,1950.0,Manual,2020.0,Mercedes-Benz,GLC
593,47980,4568.0,5.0,4x4,2996.0,Manual,2020.0,Mercedes-Benz,GLC
594,21600,61326.0,5.0,4x4,2143.0,Manual,2016.0,Mercedes-Benz,GLC
595,28050,29104.0,5.0,4x4,2987.0,Manual,2016.0,Mercedes-Benz,GLE
596,30980,12856.0,5.0,4x4,2143.0,Manual,2019.0,Mercedes-Benz,GLC
597,15995,70000.0,5.0,4x4,2143.0,Automatic,2013.0,Mercedes-Benz,M
598,60990,27000.0,5.0,4x4,5461.0,Automatic,2017.0,Mercedes-Benz,GL
599,116740,1274.0,5.0,4x4,2925.0,Manual,2020.0,Mercedes-Benz,G
600,39760,1210.0,5.0,4x4,1991.0,Manual,2020.0,Mercedes-Benz,GLC
611,25495,4999.0,5.0,4x4,1499.0,Manual,2020.0,Ford,Kuga
612,15800,31402.0,5.0,4x4,1997.0,Manual,2017.0,Ford,Kuga
613,13000,38885.0,5.0,4x4,1498.0,Manual,2017.0,Ford,Kuga
614,15352,19031.0,5.0,4x4,1997.0,Manual,2018.0,Ford,Kuga
615,18049,18273.0,5.0,4x4,1997.0,Manual,2019.0,Ford,Kuga
616,10435,51465.0,5.0,4x4,1997.0,Manual,2014.0,Ford,Kuga
617,10991,50958.0,5.0,4x4,1997.0,Manual,2014.0,Ford,Kuga
618,13750,24090.0,5.0,4x4,1997.0,Manual,2017.0,Ford,Kuga
619,16200,21515.0,5.0,4x4,1997.0,Manual,2017.0,Ford,Kuga
620,14600,35671.0,5.0,4x4,1997.0,Manual,2018.0,Ford,Kuga
621,28990,904.0,5.0,4x4,1498.0,Manual,2020.0,Honda,CR-V
622,19795,9549.0,5.0,4x4,1997.0,Manual,2018.0,Honda,CR-V
623,12491,29500.0,5.0,4x4,1997.0,Manual,2015.0,Honda,CR-V
624,5499,115000.0,5.0,4x4,2204.0,Manual,2007.0,Honda,CR-V
625,26995,11700.0,5.0,4x4,1498.0,Manual,2019.0,Honda,CR-V
626,8795,78000.0,5.0,4x4,1997.0,Manual,2012.0,Honda,CR-V
627,11490,36000.0,5.0,4x4,2199.0,Automatic,2014.0,Honda,CR-V
628,32495,10.0,5.0,4x4,1993.0,Manual,2020.0,Honda,CR-V
629,18220,21949.0,5.0,4x4,1597.0,Automatic,2016.0,Honda,CR-V
630,9465,59228.0,5.0,4x4,1597.0,Manual,2014.0,Honda,CR-V
631,17490,76000.0,5.0,4x4,1984.0,Automatic,2013.0,Audi,Q5
632,19000,21569.0,5.0,4x4,1968.0,Manual,2016.0,Audi,Q3
633,17995,39884.0,5.0,4x4,1395.0,Manual,2017.0,Audi,Q3
634,31266,3409.0,5.0,4x4,1968.0,Manual,2019.0,Audi,Q5
635,10490,79000.0,5.0,4x4,1968.0,Manual,2013.0,Audi,Q3
636,26000,19000.0,5.0,4x4,1984.0,Automatic,2016.0,Audi,Q5
637,55000,2264.0,5.0,4x4,2480.0,Manual,2020.0,Audi,Rs
638,31706,4276.0,5.0,4x4,1968.0,Manual,2020.0,Audi,Q3
639,60100,12350.0,5.0,4x4,2967.0,Automatic,2019.0,Audi,Q7
640,21500,9500.0,5.0,4x4,1598.0,Manual,2019.0,Audi,Q2
641,20500,13906.0,5.0,4x4,2000.0,Automatic,2017.0,BMW,X1
642,36287,4786.0,5.0,4x4,2993.0,Automatic,2019.0,BMW,X3
643,37500,4475.0,5.0,4x4,1995.0,Automatic,2019.0,BMW,X3
644,38422,630.0,5.0,4x4,1998.0,Automatic,2020.0,BMW,X2
645,48090,123.0,5.0,4x4,2993.0,Automatic,2019.0,BMW,X5
646,22000,24765.0,5.0,4x4,1995.0,Automatic,2015.0,BMW,X3
647,54035,1000.0,5.0,4x4,2993.0,Automatic,2019.0,BMW,X6
648,20950,30000.0,5.0,4x4,2000.0,Automatic,2017.0,BMW,X3
649,26790,123.0,5.0,4x4,1995.0,Automatic,2019.0,BMW,X2
650,53911,4122.0,5.0,4x4,2998.0,Automatic,2019.0,BMW,X6
651,31050,27966.0,5.0,4x4,2987.0,Manual,2016.0,Mercedes-Benz,GLE
652,24990,22000.0,5.0,4x4,2143.0,Manual,2016.0,Mercedes-Benz,GLE
653,55980,9565.0,5.0,4x4,2925.0,Manual,2019.0,Mercedes-Benz,GLE
655,30100,27643.0,5.0,4x4,2987.0,Manual,2017.0,Mercedes-Benz,GLC
656,38716,5807.0,5.0,4x4,2996.0,Manual,2019.0,Mercedes-Benz,GLC
657,32050,22615.0,5.0,4x4,2143.0,Manual,2017.0,Mercedes-Benz,GLC
658,24990,30000.0,5.0,4x4,2143.0,Manual,2016.0,Mercedes-Benz,GLE
659,68209,1644.0,5.0,4x4,2925.0,Manual,2019.0,Mercedes-Benz,GLE
671,9863,21912.0,5.0,4x4,1596.0,Manual,2014.0,Ford,Kuga
672,10700,40807.0,5.0,4x4,1997.0,Manual,2015.0,Ford,Kuga
673,15260,18557.0,5.0,4x4,1499.0,Manual,2018.0,Ford,Kuga
674,23432,18374.0,5.0,4x4,1997.0,Manual,2018.0,Ford,Edge
675,18000,11320.0,5.0,4x4,1498.0,Manual,2019.0,Ford,Kuga
676,14800,38287.0,5.0,4x4,1997.0,Manual,2018.0,Ford,Kuga
677,13295,21222.0,5.0,4x4,1498.0,Manual,2017.0,Ford,Kuga
678,15495,16445.0,5.0,4x4,1997.0,Manual,2018.0,Ford,Kuga
679,17242,36187.0,5.0,4x4,1997.0,Manual,2017.0,Ford,Kuga
680,12899,11080.0,5.0,4x4,1500.0,Manual,2016.0,Ford,Kuga
681,8990,83000.0,5.0,4x4,2199.0,Manual,2013.0,Honda,CR-V
682,17990,26890.0,5.0,4x4,1997.0,Manual,2018.0,Honda,CR-V
683,27490,5898.0,5.0,4x4,1498.0,Manual,2020.0,Honda,CR-V
685,3450,70035.0,5.0,4x4,1998.0,Automatic,2004.0,Honda,CR-V
686,14965,16154.0,5.0,4x4,1997.0,Manual,2017.0,Honda,CR-V
687,15490,44360.0,5.0,4x4,1597.0,Automatic,2016.0,Honda,CR-V
688,16660,29993.0,5.0,4x4,1997.0,Automatic,2017.0,Honda,CR-V
689,5995,83000.0,5.0,4x4,1997.0,Manual,2009.0,Honda,CR-V
690,13995,35093.0,5.0,4x4,1597.0,Manual,2017.0,Honda,CR-V
691,36995,4000.0,5.0,4x4,1968.0,Manual,2020.0,Audi,Q5
692,30052,2005.0,5.0,4x4,1968.0,Manual,2020.0,Audi,Q3
693,14995,68000.0,5.0,4x4,2967.0,Manual,2012.0,Audi,Q5
694,17000,42221.0,5.0,4x4,1968.0,Manual,2016.0,Audi,Q3
695,17099,54000.0,5.0,4x4,1968.0,Manual,2016.0,Audi,Q3
696,27690,3592.0,5.0,4x4,1968.0,Manual,2020.0,Audi,Q3
697,33211,2500.0,5.0,4x4,1968.0,Manual,2020.0,Audi,Q3
698,18059,33935.0,5.0,4x4,1395.0,Manual,2017.0,Audi,Q2
699,28940,43831.0,5.0,4x4,2967.0,Automatic,2017.0,Audi,Q7
700,33995,4326.0,5.0,4x4,1968.0,Manual,2019.0,Audi,Q5
701,54130,151.0,5.0,4x4,2993.0,Automatic,2020.0,BMW,X3
702,66750,2507.0,5.0,4x4,2998.0,Automatic,2019.0,BMW,X6
703,36410,123.0,5.0,4x4,1995.0,Automatic,2019.0,BMW,X3
704,31436,6172.0,5.0,4x4,1995.0,Automatic,2019.0,BMW,X3
705,33500,6220.0,5.0,4x4,1995.0,Automatic,2019.0,BMW,X3
708,5990,73000.0,5.0,4x4,1995.0,Manual,2010.0,BMW,X1
709,42890,7324.0,5.0,4x4,2993.0,Automatic,2019.0,BMW,X5
710,18990,47000.0,5.0,4x4,2993.0,Automatic,2015.0,BMW,X3
711,45216,11224.0,5.0,4x4,1950.0,Manual,2019.0,Mercedes-Benz,GLE
712,27495,13000.0,5.0,4x4,2987.0,Manual,2017.0,Mercedes-Benz,GLE
713,31980,5914.0,5.0,4x4,1950.0,Manual,2019.0,Mercedes-Benz,GLC
714,39838,101.0,5.0,4x4,1950.0,Manual,2019.0,Mercedes-Benz,GLC
715,36999,1044.0,5.0,4x4,1991.0,Automatic,2020.0,Mercedes-Benz,GLC
716,80981,2000.0,5.0,4x4,3982.0,Manual,2020.0,Mercedes-Benz,GLC
717,54980,8830.0,5.0,4x4,2925.0,Manual,2019.0,Mercedes-Benz,GLE
718,26480,17599.0,5.0,4x4,2143.0,Manual,2016.0,Mercedes-Benz,GLC
719,39760,4000.0,5.0,4x4,1950.0,Manual,2020.0,Mercedes-Benz,GL
720,42991,3103.0,5.0,4x4,1950.0,Manual,2019.0,Mercedes-Benz,GLC
731,14658,22212.0,5.0,4x4,1498.0,Manual,2018.0,Ford,Kuga
732,9995,43000.0,5.0,4x4,1997.0,Manual,2012.0,Ford,Kuga
733,18000,17449.0,5.0,4x4,1997.0,Manual,2017.0,Ford,Kuga
734,14690,4918.0,5.0,4x4,1498.0,Manual,2018.0,Ford,Kuga
735,16995,14055.0,5.0,4x4,1997.0,Automatic,2018.0,Ford,Kuga
736,14500,22007.0,5.0,4x4,1997.0,Manual,2017.0,Ford,Kuga
737,17329,5307.0,5.0,4x4,1499.0,Manual,2017.0,Ford,Kuga
738,23700,15106.0,5.0,4x4,1498.0,Automatic,2019.0,Ford,Kuga
739,17375,6880.0,5.0,4x4,1997.0,Manual,2018.0,Ford,Kuga
740,22999,4139.0,5.0,4x4,2000.0,Automatic,2019.0,Ford,Kuga
741,24995,2081.0,5.0,4x4,1498.0,Manual,2019.0,Honda,CR-V
742,17990,15771.0,5.0,4x4,1997.0,Automatic,2017.0,Honda,CR-V
743,12995,48974.0,5.0,4x4,1597.0,Manual,2017.0,Honda,CR-V
744,26395,7199.0,5.0,4x4,1498.0,Manual,2019.0,Honda,CR-V
745,11500,50675.0,5.0,4x4,1597.0,Manual,2015.0,Honda,CR-V
746,14999,32610.0,5.0,4x4,1597.0,Manual,2017.0,Honda,CR-V
747,14649,29200.0,5.0,4x4,1997.0,Manual,2017.0,Honda,CR-V
748,27938,7942.0,5.0,4x4,1498.0,Manual,2019.0,Honda,CR-V
749,25455,13193.0,5.0,4x4,1498.0,Manual,2019.0,Honda,CR-V
750,19965,8026.0,5.0,4x4,1997.0,Automatic,2018.0,Honda,CR-V
751,31100,4000.0,5.0,4x4,1498.0,Manual,2020.0,Audi,Q3
752,33800,6310.0,5.0,4x4,1984.0,Manual,2019.0,Audi,Q5
753,42990,22500.0,5.0,4x4,2967.0,Automatic,2018.0,Audi,Q7
754,29950,7500.0,5.0,4x4,1968.0,Manual,2020.0,Audi,Q3
755,30408,4050.0,5.0,4x4,1968.0,Manual,2020.0,Audi,Q3
756,20000,42991.0,5.0,4x4,1968.0,Automatic,2015.0,Audi,Q5
757,28347,2915.0,5.0,4x4,1968.0,Manual,2020.0,Audi,Q3
758,14800,33855.0,5.0,4x4,1968.0,Manual,2015.0,Audi,Q3
759,20490,7411.0,5.0,4x4,1598.0,Manual,2019.0,Audi,Q2
760,17499,18269.0,5.0,4x4,999.0,Manual,2018.0,Audi,Q2
761,64995,750.0,5.0,4x4,2998.0,Automatic,2020.0,BMW,X6
762,14999,72000.0,5.0,4x4,1995.0,Manual,2017.0,BMW,X1
763,25800,60885.0,5.0,4x4,2993.0,Automatic,2017.0,BMW,X5
764,11495,75333.0,5.0,4x4,3000.0,Automatic,2008.0,BMW,X5
765,27727,4747.0,5.0,4x4,1995.0,Automatic,2020.0,BMW,X1
767,38990,1501.0,5.0,4x4,1995.0,Automatic,2019.0,BMW,X3
768,12495,87889.0,5.0,4x4,1995.0,Automatic,2012.0,BMW,X3
769,66991,1896.0,5.0,4x4,2993.0,Automatic,2020.0,BMW,X3
770,65440,1007.0,5.0,4x4,2993.0,Automatic,2020.0,BMW,X5
771,54972,12312.0,5.0,4x4,2925.0,Manual,2019.0,Mercedes-Benz,GLE
773,29280,19640.0,5.0,4x4,2143.0,Manual,2016.0,Mercedes-Benz,GLC
774,47600,5878.0,5.0,4x4,1950.0,Manual,2019.0,Mercedes-Benz,GLE
776,32480,15825.0,5.0,4x4,2143.0,Manual,2018.0,Mercedes-Benz,GLE
777,35389,4934.0,5.0,4x4,1950.0,Manual,2020.0,Mercedes-Benz,GLC
778,26500,22250.0,5.0,4x4,2143.0,Automatic,2017.0,Mercedes-Benz,GLC
779,37480,30624.0,5.0,4x4,2987.0,Manual,2017.0,Mercedes-Benz,GL
780,26700,18427.0,5.0,4x4,2143.0,Automatic,2018.0,Mercedes-Benz,GLC
791,19947,13432.0,5.0,4x4,1997.0,Manual,2018.0,Ford,Kuga
792,15000,21889.0,5.0,4x4,1498.0,Automatic,2015.0,Ford,Kuga
793,15942,10694.0,5.0,4x4,1997.0,Manual,2018.0,Ford,Kuga
794,15203,16605.0,5.0,4x4,1499.0,Manual,2018.0,Ford,Kuga
795,13399,26512.0,5.0,4x4,1500.0,Manual,2017.0,Ford,Kuga
796,29100,9131.0,5.0,4x4,1995.0,Automatic,2019.0,Ford,Edge
797,17000,29530.0,5.0,4x4,1997.0,Manual,2017.0,Ford,Kuga
798,13000,24245.0,5.0,4x4,1498.0,Manual,2017.0,Ford,Kuga
799,13500,45694.0,5.0,4x4,1997.0,Manual,2015.0,Ford,Kuga
800,9000,54643.0,5.0,4x4,1997.0,Manual,2014.0,Ford,Kuga
801,4775,74244.0,5.0,4x4,2204.0,Manual,2009.0,Honda,CR-V
802,13899,41322.0,5.0,4x4,1997.0,Manual,2015.0,Honda,CR-V
803,24565,18862.0,5.0,4x4,1498.0,Manual,2018.0,Honda,CR-V
804,34995,10.0,5.0,4x4,1498.0,Manual,2020.0,Honda,CR-V
805,7695,57433.0,5.0,4x4,1997.0,Automatic,2009.0,Honda,CR-V
806,18990,23067.0,5.0,4x4,1997.0,Manual,2017.0,Honda,CR-V
807,7850,41486.0,5.0,4x4,2199.0,Manual,2012.0,Honda,CR-V
808,17489,18070.0,5.0,4x4,2000.0,Automatic,2017.0,Honda,CR-V
809,13499,48159.0,5.0,4x4,1597.0,Manual,2016.0,Honda,CR-V
810,19990,18470.0,5.0,4x4,1597.0,Automatic,2017.0,Honda,CR-V
811,59995,15000.0,5.0,Estate,4000.0,Automatic,2017.0,Audi,RS6
812,28995,43169.0,5.0,Estate,2995.0,Automatic,2017.0,Audi,S4
813,16000,55518.0,5.0,Estate,1968.0,Automatic,2015.0,Audi,A6
814,8595,73584.0,5.0,Estate,1968.0,Manual,2013.0,Audi,A4
815,16200,44367.0,5.0,Estate,1968.0,Manual,2016.0,Audi,Q3
816,5995,111000.0,5.0,Estate,1968.0,Manual,2010.0,Audi,A6
818,18498,35556.0,5.0,Estate,1968.0,Manual,2016.0,Audi,Q3
819,20995,57693.0,5.0,Estate,2967.0,Automatic,2014.0,Audi,Q5
820,16750,80354.0,5.0,Estate,1968.0,Automatic,2017.0,Audi,A4
821,10995,109000.0,5.0,Estate,1995.0,Automatic,2013.0,BMW,5
822,30400,21974.0,5.0,Estate,2993.0,Automatic,2018.0,BMW,5
823,25950,40000.0,5.0,Estate,1995.0,Automatic,2015.0,BMW,X5
824,11995,95000.0,5.0,Estate,1995.0,Automatic,2014.0,BMW,5
825,5995,115000.0,5.0,Estate,1995.0,Automatic,2010.0,BMW,5
826,14990,66000.0,5.0,Estate,1995.0,Automatic,2016.0,BMW,3
827,11950,37085.0,5.0,Estate,1995.0,Manual,2014.0,BMW,X1
828,16750,35059.0,5.0,Estate,1995.0,Automatic,2016.0,BMW,5
829,15500,16013.0,5.0,Estate,1995.0,Manual,2017.0,BMW,X1
830,25990,29230.0,5.0,Estate,3000.0,Automatic,2017.0,BMW,X3
832,10898,73287.0,5.0,Estate,1598.0,Manual,2015.0,Mercedes-Benz,C
833,25999,2228.0,5.0,Estate,1600.0,Automatic,2019.0,Mercedes-Benz,C
835,23998,33563.0,5.0,Estate,2143.0,Automatic,2016.0,Mercedes-Benz,GLC
836,40280,8472.0,5.0,Estate,2900.0,Automatic,2019.0,Mercedes-Benz,E
837,22400,9868.0,5.0,Estate,2000.0,Automatic,2018.0,Mercedes-Benz,C
838,19199,19670.0,5.0,Estate,1991.0,Automatic,2017.0,Mercedes-Benz,C
839,27495,37700.0,5.0,Estate,2100.0,Automatic,2017.0,Mercedes-Benz,GLE
840,17999,25000.0,5.0,Estate,2143.0,Automatic,2017.0,Mercedes-Benz,GLA
841,13995,33458.0,5.0,Estate,2000.0,Manual,2017.0,Ford,Focus
842,16807,13675.0,5.0,Estate,999.0,Automatic,2019.0,Ford,Focus
843,21595,20502.0,5.0,Estate,1997.0,Automatic,2019.0,Ford,Galaxy
844,15500,18840.0,5.0,Estate,1498.0,Automatic,2017.0,Ford,Kuga
845,5414,78894.0,5.0,Estate,1560.0,Manual,2014.0,Ford,C-Max
846,11498,54006.0,5.0,Estate,1499.0,Manual,2017.0,Ford,Kuga
847,10499,69708.0,5.0,Estate,1997.0,Manual,2017.0,Ford,Mondeo
848,13000,10714.0,5.0,Estate,1498.0,Manual,2018.0,Ford,Kuga
849,13499,36626.0,5.0,Estate,2000.0,Manual,2017.0,Ford,Kuga
850,18799,12873.0,5.0,Estate,1500.0,Manual,2019.0,Ford,Kuga
851,24489,8712.0,5.0,Estate,1498.0,Automatic,2019.0,Honda,CR-V
852,14500,28000.0,5.0,Estate,1597.0,Manual,2017.0,Honda,CR-V
853,8495,48000.0,5.0,Estate,1798.0,Manual,2015.0,Honda,Civic
854,14299,27430.0,5.0,Estate,1597.0,Manual,2017.0,Honda,CR-V
855,32990,15.0,5.0,Estate,1993.0,Manual,2020.0,Honda,CR-V
856,8995,56500.0,5.0,Estate,1997.0,Automatic,2010.0,Honda,Accord
857,5495,85000.0,5.0,Estate,1997.0,Manual,2008.0,Honda,CR-V
858,28995,100.0,5.0,Estate,1500.0,Automatic,2019.0,Honda,CR-V
859,40620,5.0,5.0,Estate,2000.0,Automatic,2020.0,Honda,CR-V
860,29990,4877.0,5.0,Estate,1993.0,Automatic,2020.0,Honda,CR-V
861,18250,18639.0,5.0,Estate,1395.0,Automatic,2017.0,Audi,Q3
862,16000,38383.0,5.0,Estate,1400.0,Automatic,2015.0,Audi,Q3
863,24690,50.0,5.0,Estate,999.0,Manual,2020.0,Audi,Q2
864,14950,46000.0,5.0,Estate,1968.0,Automatic,2017.0,Audi,A4
865,44990,50.0,5.0,Estate,1984.0,Automatic,2020.0,Audi,Q3
866,6490,112000.0,5.0,Estate,2967.0,Manual,2008.0,Audi,A4
867,10000,68431.0,5.0,Estate,1968.0,Manual,2013.0,Audi,Q3
868,28995,11819.0,5.0,Estate,1968.0,Manual,2019.0,Audi,A4
869,20500,19330.0,5.0,Estate,1395.0,Automatic,2017.0,Audi,Q2
871,21000,11459.0,5.0,Estate,1998.0,Automatic,2018.0,BMW,2
872,13500,55051.0,5.0,Estate,1995.0,Automatic,2016.0,BMW,3
873,14995,79035.0,5.0,Estate,1995.0,Automatic,2015.0,BMW,3
874,5595,68000.0,5.0,Estate,1995.0,Manual,2010.0,BMW,3
875,21999,66000.0,5.0,Estate,2993.0,Automatic,2014.0,BMW,X5
876,18750,40000.0,5.0,Estate,2993.0,Automatic,2015.0,BMW,3
877,22495,31000.0,5.0,Estate,1995.0,Automatic,2018.0,BMW,X1
878,27995,31750.0,5.0,Estate,2993.0,Automatic,2015.0,BMW,X5
879,16990,28349.0,5.0,Estate,1995.0,Automatic,2017.0,BMW,3
880,6995,168000.0,5.0,Estate,2993.0,Automatic,2011.0,BMW,X5
881,16999,37670.0,5.0,Estate,2143.0,Automatic,2017.0,Mercedes-Benz,GLA
882,25999,16000.0,5.0,Estate,2143.0,Automatic,2016.0,Mercedes-Benz,GLE
883,29199,5260.0,5.0,Estate,1300.0,Automatic,2020.0,Mercedes-Benz,CLA
884,11500,110810.0,5.0,Estate,1991.0,Automatic,2016.0,Mercedes-Benz,C
885,25999,47195.0,5.0,Estate,2143.0,Automatic,2017.0,Mercedes-Benz,GLE
886,14000,118340.0,5.0,Estate,2143.0,Automatic,2016.0,Mercedes-Benz,C
887,18495,29913.0,5.0,Estate,2100.0,Automatic,2015.0,Mercedes-Benz,CLA
888,21795,8405.0,5.0,Estate,1500.0,Automatic,2019.0,Mercedes-Benz,C
889,6495,81000.0,5.0,Estate,1597.0,Automatic,2009.0,Mercedes-Benz,C
890,12250,84125.0,5.0,Estate,2143.0,Automatic,2015.0,Mercedes-Benz,C
891,11500,39374.0,5.0,Estate,999.0,Automatic,2019.0,Ford,C-Max
892,15995,13452.0,5.0,Estate,999.0,Manual,2019.0,Ford,Focus
893,10500,32345.0,5.0,Estate,1000.0,Manual,2017.0,Ford,Grand
894,12250,37819.0,5.0,Estate,1499.0,Manual,2017.0,Ford,Kuga
895,12000,15164.0,5.0,Estate,999.0,Automatic,2017.0,Ford,Focus
896,21000,14948.0,5.0,Estate,1500.0,Automatic,2019.0,Ford,Kuga
897,16750,1431.0,5.0,Estate,1997.0,Manual,2019.0,Ford,Kuga
898,8299,73105.0,5.0,Estate,1499.0,Manual,2016.0,Ford,Focus
899,2690,123000.0,5.0,Estate,1997.0,Manual,2009.0,Ford,Mondeo
900,20660,1485.0,5.0,Estate,1500.0,Automatic,2020.0,Ford,Focus
901,16500,15772.0,5.0,Estate,1597.0,Manual,2018.0,Honda,CR-V
902,14500,26472.0,5.0,Estate,1997.0,Manual,2017.0,Honda,CR-V
903,10995,95300.0,5.0,Estate,1597.0,Manual,2016.0,Honda,CR-V
904,13290,61128.0,5.0,Estate,1600.0,Manual,2017.0,Honda,CR-V
905,29995,10352.0,5.0,Estate,1993.0,Automatic,2019.0,Honda,CR-V
906,17998,11779.0,5.0,Estate,1997.0,Automatic,2017.0,Honda,CR-V
907,16995,26000.0,5.0,Estate,1997.0,Automatic,2017.0,Honda,CR-V
908,14595,43250.0,5.0,Estate,1597.0,Automatic,2015.0,Honda,CR-V
909,15499,5593.0,5.0,Estate,1997.0,Automatic,2015.0,Honda,CR-V
911,23495,38818.0,5.0,Estate,1968.0,Automatic,2017.0,Audi,A6
912,35994,16848.0,5.0,Estate,2995.0,Automatic,2017.0,Audi,Q5
913,18991,11000.0,5.0,Estate,1395.0,Manual,2018.0,Audi,Q2
914,2995,132500.0,5.0,Estate,1896.0,Manual,2008.0,Audi,A4
915,14990,32000.0,5.0,Estate,1968.0,Automatic,2016.0,Audi,A4
916,795,202000.0,5.0,Estate,2496.0,Manual,2003.0,Audi,A4
917,9999,108000.0,5.0,Estate,2967.0,Manual,2010.0,Audi,Q5
918,21995,26000.0,5.0,Estate,1984.0,Manual,2017.0,Audi,A4
919,17000,64382.0,5.0,Estate,1984.0,Manual,2014.0,Audi,Q5
920,11400,81136.0,5.0,Estate,1968.0,Manual,2016.0,Audi,A4
921,31980,10780.0,5.0,Estate,3000.0,Automatic,2019.0,BMW,5
922,15990,40000.0,5.0,Estate,1995.0,Automatic,2016.0,BMW,5
923,18995,40802.0,5.0,Estate,1995.0,Manual,2017.0,BMW,X1
924,14995,38000.0,5.0,Estate,1995.0,Manual,2015.0,BMW,5
925,2895,132000.0,5.0,Estate,1995.0,Manual,2006.0,BMW,3
926,5995,74000.0,5.0,Estate,1995.0,Manual,2009.0,BMW,3
927,11395,100000.0,5.0,Estate,2993.0,Automatic,2012.0,BMW,5
928,2995,147000.0,5.0,Estate,2993.0,Automatic,2004.0,BMW,5
929,33989,56688.0,5.0,Estate,3000.0,Automatic,2017.0,BMW,X6
930,49995,20144.0,5.0,Estate,4395.0,Automatic,2017.0,BMW,X5
931,5495,131000.0,5.0,Estate,2987.0,Automatic,2006.0,Mercedes-Benz,M
932,55744,5498.0,5.0,Estate,3000.0,Automatic,2020.0,Mercedes-Benz,GLE
933,3795,146000.0,5.0,Estate,2987.0,Automatic,2006.0,Mercedes-Benz,M
934,33299,4196.0,5.0,Estate,2000.0,Automatic,2020.0,Mercedes-Benz,C
935,21697,10180.0,5.0,Estate,2143.0,Automatic,2018.0,Mercedes-Benz,CLA
936,34500,4830.0,5.0,Estate,1950.0,Automatic,2020.0,Mercedes-Benz,GLC
937,16500,42271.0,5.0,Estate,2143.0,Automatic,2016.0,Mercedes-Benz,C
938,11995,87000.0,5.0,Estate,2987.0,Automatic,2011.0,Mercedes-Benz,M
939,18300,39580.0,5.0,Estate,2143.0,Automatic,2018.0,Mercedes-Benz,C
940,54480,4000.0,5.0,Estate,2000.0,Automatic,2020.0,Mercedes-Benz,V
941,17498,17066.0,5.0,Estate,1499.0,Manual,2017.0,Ford,Kuga
942,18390,2983.0,5.0,Estate,1500.0,Manual,2020.0,Ford,Focus
944,16758,23323.0,5.0,Estate,1997.0,Automatic,2017.0,Ford,S-Max
945,18100,11673.0,5.0,Estate,1499.0,Manual,2019.0,Ford,Kuga
946,19000,11624.0,5.0,Estate,1500.0,Manual,2019.0,Ford,Kuga
947,14949,12800.0,5.0,Estate,2000.0,Manual,2016.0,Ford,Mondeo
948,19995,2404.0,5.0,Estate,999.0,Automatic,2019.0,Ford,Focus
949,19499,11031.0,5.0,Estate,2000.0,Automatic,2019.0,Ford,Kuga
950,10499,40265.0,5.0,Estate,1498.0,Automatic,2017.0,Ford,Focus
951,13000,26870.0,5.0,Estate,2000.0,Manual,2014.0,Honda,CR-V
952,12990,23349.0,5.0,Estate,1997.0,Automatic,2012.0,Honda,CR-V
953,11990,67000.0,5.0,Estate,1997.0,Manual,2014.0,Honda,CR-V
954,31450,1730.0,5.0,Estate,1993.0,Manual,2020.0,Honda,CR-V
955,16764,29107.0,5.0,Estate,1597.0,Automatic,2016.0,Honda,CR-V
956,6295,129000.0,5.0,Estate,2199.0,Manual,2012.0,Honda,CR-V
957,850,142011.0,5.0,Estate,2204.0,Manual,2006.0,Honda,CR-V
958,22450,22500.0,5.0,Estate,1500.0,Automatic,2019.0,Honda,CR-V
959,10450,50439.0,5.0,Estate,1597.0,Manual,2017.0,Honda,Civic
960,12995,27000.0,5.0,Estate,1597.0,Manual,2016.0,Honda,CR-V
961,11895,66110.0,5.0,Estate,1968.0,Manual,2016.0,Audi,A4
962,21975,59832.0,5.0,Estate,2967.0,Automatic,2014.0,Audi,Q7
964,42500,6000.0,5.0,Estate,2000.0,Automatic,2020.0,Audi,A4
965,15800,10832.0,5.0,Estate,1395.0,Manual,2018.0,Audi,A4
966,13798,77124.0,5.0,Estate,1968.0,Automatic,2017.0,Audi,A4
968,55950,5652.0,5.0,Estate,2967.0,Automatic,2020.0,Audi,Q5
969,16695,53782.0,5.0,Estate,1968.0,Manual,2016.0,Audi,Q3
970,17299,45329.0,5.0,Estate,1968.0,Automatic,2017.0,Audi,A4
971,23995,4076.0,5.0,Estate,2000.0,Automatic,2019.0,BMW,2
972,8995,100000.0,5.0,Estate,1995.0,Manual,2013.0,BMW,5
973,15990,43333.0,5.0,Estate,1995.0,Automatic,2016.0,BMW,X1
974,16880,25103.0,5.0,Estate,2000.0,Manual,2016.0,BMW,X1
975,16500,85266.0,5.0,Estate,1995.0,Automatic,2017.0,BMW,X3
976,23490,20694.0,5.0,Estate,2000.0,Automatic,2019.0,BMW,X1
977,13750,36656.0,5.0,Estate,1995.0,Manual,2014.0,BMW,3
978,13995,123000.0,5.0,Estate,1995.0,Manual,2017.0,BMW,3
979,20950,23863.0,5.0,Estate,1995.0,Automatic,2018.0,BMW,3
980,23400,50000.0,5.0,Estate,1995.0,Automatic,2018.0,BMW,5
981,25299,1808.0,5.0,Estate,1950.0,Manual,2019.0,Mercedes-Benz,C
982,26750,47373.0,5.0,Estate,2143.0,Automatic,2017.0,Mercedes-Benz,GLC
983,25786,7073.0,5.0,Estate,1950.0,Manual,2019.0,Mercedes-Benz,C
984,23877,9493.0,5.0,Estate,1950.0,Manual,2019.0,Mercedes-Benz,C
985,23950,12757.0,5.0,Estate,2.0,Automatic,2019.0,Mercedes-Benz,C
986,16500,51000.0,5.0,Estate,1991.0,Manual,2016.0,Mercedes-Benz,C
987,13995,64820.0,5.0,Estate,2143.0,Manual,2017.0,Mercedes-Benz,CLA
988,23699,13187.0,5.0,Estate,2100.0,Automatic,2017.0,Mercedes-Benz,CLS
989,18500,28350.0,5.0,Estate,2143.0,Automatic,2017.0,Mercedes-Benz,GLA
990,41890,3423.0,5.0,Estate,3000.0,Automatic,2020.0,Mercedes-Benz,C
991,16498,25973.0,5.0,Estate,1499.0,Manual,2017.0,Ford,Kuga
992,25000,7359.0,5.0,Estate,2000.0,Automatic,2019.0,Ford,Kuga
993,899,120000.0,5.0,Estate,1798.0,Manual,2007.0,Ford,Mondeo
994,5995,61000.0,5.0,Estate,998.0,Manual,2013.0,Ford,Focus
995,19498,181.0,5.0,Estate,1499.0,Manual,2020.0,Ford,Tourneo
996,18265,9751.0,5.0,Estate,1500.0,Manual,2019.0,Ford,Focus
997,1350,100000.0,5.0,Estate,1388.0,Manual,2006.0,Ford,Fusion
998,2995,105000.0,5.0,Estate,1997.0,Manual,2008.0,Ford,Mondeo
999,1650,185000.0,5.0,Estate,1753.0,Manual,2009.0,Ford,Focus
1000,15000,36531.0,5.0,Estate,1500.0,Automatic,2017.0,Ford,Kuga
1001,19495,11729.0,5.0,Estate,1997.0,Automatic,2017.0,Honda,CR-V
1002,20699,13881.0,5.0,Estate,1498.0,Manual,2019.0,Honda,CR-V
1003,19498,13298.0,5.0,Estate,1997.0,Automatic,2018.0,Honda,CR-V
1004,7295,75888.0,5.0,Estate,2199.0,Manual,2011.0,Honda,CR-V
1005,9950,47742.0,5.0,Estate,1997.0,Automatic,2011.0,Honda,CR-V
1006,20500,23682.0,5.0,Estate,1597.0,Automatic,2018.0,Honda,CR-V
1007,15595,54600.0,5.0,Estate,1597.0,Automatic,2016.0,Honda,CR-V
1008,7990,73000.0,5.0,Estate,2199.0,Manual,2012.0,Honda,CR-V
1009,8250,47340.0,5.0,Estate,2199.0,Automatic,2011.0,Honda,CR-V
1010,14250,25876.0,5.0,Estate,1600.0,Manual,2017.0,Honda,CR-V
1011,12998,55882.0,5.0,Estate,1968.0,Manual,2016.0,Audi,A4
1012,29995,38000.0,5.0,Estate,2967.0,Automatic,2016.0,Audi,Q7
1013,19490,94592.0,5.0,Estate,2967.0,Manual,2014.0,Audi,SQ5
1014,16199,47000.0,5.0,Estate,1968.0,Manual,2015.0,Audi,A6
1015,30000,6999.0,5.0,Estate,1984.0,Automatic,2020.0,Audi,A4
1016,39750,1500.0,5.0,Estate,2000.0,Automatic,2020.0,Audi,Q3
1017,19995,41900.0,5.0,Estate,2967.0,Automatic,2017.0,Audi,A4
1018,19495,40000.0,5.0,Estate,1968.0,Automatic,2016.0,Audi,Q5
1019,17000,38779.0,5.0,Estate,1968.0,Manual,2016.0,Audi,Q3
1020,19499,20000.0,5.0,Estate,1968.0,Automatic,2016.0,Audi,A4
1021,36696,24657.0,5.0,Estate,2993.0,Automatic,2018.0,BMW,X5
1022,17300,41141.0,5.0,Estate,2.0,Automatic,2016.0,BMW,3
1023,2090,125855.0,5.0,Estate,1995.0,Manual,2007.0,BMW,3
1024,15000,20592.0,5.0,Estate,1499.0,Manual,2019.0,BMW,2
1025,18420,19955.0,5.0,Estate,1995.0,Automatic,2016.0,BMW,X1
1027,34000,19300.0,5.0,Estate,2993.0,Automatic,2018.0,BMW,X5
1028,15989,27000.0,5.0,Estate,1995.0,Manual,2017.0,BMW,X1
1029,31000,35900.0,5.0,Estate,2993.0,Automatic,2015.0,BMW,X5
1030,18995,32541.0,5.0,Estate,1496.0,Automatic,2018.0,BMW,2
1031,12500,80300.0,5.0,Estate,2143.0,Manual,2014.0,Mercedes-Benz,CLS
1032,14500,77689.0,5.0,Estate,2143.0,Manual,2017.0,Mercedes-Benz,CLA
1033,41980,12327.0,5.0,Estate,3982.0,Automatic,2019.0,Mercedes-Benz,C
1034,26491,2000.0,5.0,Estate,1497.0,Automatic,2019.0,Mercedes-Benz,C
1036,19250,35912.0,5.0,Estate,2100.0,Automatic,2016.0,Mercedes-Benz,C
1037,6495,90000.0,5.0,Estate,2143.0,Automatic,2012.0,Mercedes-Benz,C
1038,19299,24721.0,5.0,Estate,2000.0,Automatic,2017.0,Mercedes-Benz,C
1039,25995,9138.0,5.0,Estate,2000.0,Automatic,2019.0,Mercedes-Benz,C
1040,8250,95500.0,5.0,Estate,2100.0,Automatic,2012.0,Mercedes-Benz,E
1042,8498,34564.0,5.0,Estate,1596.0,Manual,2016.0,Ford,C-Max
1043,22000,1208.0,5.0,Estate,999.0,Manual,2020.0,Ford,Focus
1044,8990,28100.0,5.0,Estate,1596.0,Automatic,2015.0,Ford,Focus
1045,9500,28973.0,5.0,Estate,1000.0,Manual,2016.0,Ford,C-Max
1046,9400,46880.0,5.0,Estate,999.0,Manual,2017.0,Ford,Focus
1047,4995,1.0,5.0,Estate,1560.0,Manual,2014.0,Ford,Focus
1048,5695,76000.0,5.0,Estate,1997.0,Manual,2010.0,Ford,Kuga
1049,5995,89000.0,5.0,Estate,1997.0,Manual,2011.0,Ford,Kuga
1050,20900,6728.0,5.0,Estate,2000.0,Automatic,2019.0,Ford,Focus
1051,11995,39997.0,5.0,Estate,1798.0,Automatic,2017.0,Honda,Civic
1052,16950,29985.0,5.0,Estate,1997.0,Manual,2017.0,Honda,CR-V
1053,8395,69629.0,5.0,Estate,2199.0,Manual,2012.0,Honda,CR-V
1054,13495,64913.0,5.0,Estate,1597.0,Manual,2016.0,Honda,CR-V
1055,32970,6890.0,5.0,Estate,2000.0,Automatic,2019.0,Honda,CR-V
1056,13000,17900.0,5.0,Estate,1997.0,Manual,2017.0,Honda,CR-V
1057,8495,57383.0,5.0,Estate,1597.0,Manual,2015.0,Honda,Civic
1058,7995,121400.0,5.0,Estate,1997.0,Manual,2013.0,Honda,CR-V
1059,11899,69848.0,5.0,Estate,1597.0,Manual,2015.0,Honda,CR-V
1060,28640,1018.0,5.0,Estate,1500.0,Automatic,2019.0,Honda,CR-V
1061,14000,40995.0,2.0,Coupe,1968.0,Automatic,2016.0,Audi,A5
1062,15999,52740.0,2.0,Coupe,1798.0,Manual,2016.0,Audi,TT
1063,46999,10.0,2.0,Coupe,2967.0,Automatic,2020.0,Audi,S5
1064,14699,44572.0,2.0,Coupe,1798.0,Manual,2016.0,Audi,TT
1065,13995,43100.0,2.0,Coupe,1968.0,Manual,2014.0,Audi,TT
1066,34790,99.0,2.0,Coupe,2000.0,Automatic,2020.0,Audi,A5
1067,22989,15242.0,2.0,Coupe,1984.0,Manual,2017.0,Audi,TT
1068,41731,4000.0,2.0,Coupe,2000.0,Automatic,2020.0,Audi,TT
1069,30490,29514.0,2.0,Coupe,3000.0,Automatic,2017.0,Audi,A5
1070,15991,71000.0,2.0,Coupe,1968.0,Manual,2016.0,Audi,TT
1071,18490,10514.0,5.0,Coupe,1995.0,Manual,2016.0,BMW,4
1072,18800,43683.0,2.0,Coupe,1995.0,Automatic,2018.0,BMW,4
1074,19750,22696.0,2.0,Coupe,1995.0,Automatic,2018.0,BMW,4
1075,63990,8000.0,2.0,Coupe,4395.0,Automatic,2019.0,BMW,8
1076,3995,96694.0,2.0,Coupe,1995.0,Manual,2009.0,BMW,3
1077,17850,33464.0,5.0,Coupe,1995.0,Manual,2017.0,BMW,4
1078,18450,50000.0,4.0,Coupe,1995.0,Automatic,2017.0,BMW,4
1079,20370,12000.0,2.0,Coupe,2000.0,Automatic,2018.0,BMW,4
1080,22000,23583.0,2.0,Coupe,2998.0,Automatic,2018.0,BMW,2
1081,11100,51007.0,2.0,Coupe,2143.0,Automatic,2015.0,Mercedes-Benz,C
1082,31732,8000.0,2.0,Coupe,1950.0,Manual,2020.0,Mercedes-Benz,C
1083,9995,125000.0,2.0,Coupe,2143.0,Automatic,2014.0,Mercedes-Benz,C
1084,39499,12500.0,2.0,Coupe,3000.0,Automatic,2019.0,Mercedes-Benz,E
1085,18499,18664.0,2.0,Coupe,2100.0,Automatic,2016.0,Mercedes-Benz,E
1086,9750,66000.0,2.0,Coupe,1796.0,Automatic,2011.0,Mercedes-Benz,C
1087,12500,15873.0,2.0,Coupe,1595.0,Automatic,2013.0,Mercedes-Benz,C
1088,29550,3501.0,2.0,Coupe,2000.0,Automatic,2019.0,Mercedes-Benz,C
1089,15995,20517.0,2.0,Coupe,2100.0,Automatic,2015.0,Mercedes-Benz,E
1090,35599,17622.0,5.0,Coupe,2987.0,Automatic,2018.0,Mercedes-Benz,GLC
1093,249950,2400.0,2.0,Coupe,6496.0,Manual,2019.0,Ferrari,812
1094,99995,20000.0,2.0,Coupe,5999.0,Manual,2008.0,Ferrari,599
1095,164900,2200.0,2.0,Coupe,3900.0,Automatic,2017.0,Ferrari,488
1096,74500,34501.0,2.0,Coupe,3586.0,Manual,2000.0,Ferrari,360
1097,149900,10127.0,2.0,Coupe,6262.0,Automatic,2016.0,Ferrari,FF
1098,699900,128.0,2.0,Coupe,6262.0,Automatic,2016.0,Ferrari,F12
1100,264948,400.0,2.0,Coupe,6496.0,Automatic,2020.0,Ferrari,812
1101,57500,5600.0,2.0,Coupe,4951.0,Automatic,2017.0,Ford,Mustang
1102,33000,4966.0,2.0,Coupe,4951.0,Automatic,2018.0,Ford,Mustang
1103,46999,221.0,2.0,Coupe,4951.0,Manual,2020.0,Ford,Mustang
1104,29500,34844.0,2.0,Coupe,4951.0,Manual,2018.0,Ford,Mustang
1105,28500,14500.0,2.0,Coupe,4951.0,Manual,2017.0,Ford,Mustang
1106,30997,28052.0,2.0,Coupe,5000.0,Automatic,2018.0,Ford,Mustang
1107,30375,6354.0,2.0,Coupe,5.0,Manual,2017.0,Ford,Mustang
1108,32500,17000.0,2.0,Coupe,4951.0,Automatic,2016.0,Ford,Mustang
1109,31000,5062.0,2.0,Coupe,2300.0,Manual,2019.0,Ford,Mustang
1110,36900,10.0,2.0,Coupe,2261.0,Manual,2020.0,Ford,Mustang
1111,3695,142000.0,3.0,Coupe,1497.0,Manual,2011.0,Honda,CR-Z
1112,8000,19473.0,3.0,Coupe,1497.0,Manual,2013.0,Honda,CR-Z
1113,3900,97000.0,3.0,Coupe,1497.0,Manual,2010.0,Honda,CR-Z
1114,2495,127000.0,2.0,Coupe,2157.0,Automatic,1998.0,Honda,Prelude
1116,5995,57000.0,2.0,Coupe,2157.0,Manual,1996.0,Honda,Prelude
1117,5999,63962.0,3.0,Coupe,1497.0,Manual,2010.0,Honda,CR-Z
1119,2595,123000.0,2.0,Coupe,2157.0,Automatic,1999.0,Honda,Prelude
1120,5490,75000.0,3.0,Coupe,1497.0,Manual,2011.0,Honda,CR-Z
1124,53950,50.0,2.0,Coupe,2967.0,Automatic,2020.0,Audi,A5
1125,20995,21000.0,2.0,Coupe,1798.0,Manual,2017.0,Audi,TT
1126,28500,13050.0,2.0,Coupe,1984.0,Automatic,2018.0,Audi,TT
1127,17999,28598.0,2.0,Coupe,1798.0,Manual,2017.0,Audi,TT
1128,17700,28747.0,2.0,Coupe,1798.0,Manual,2017.0,Audi,TT
1129,16200,26392.0,2.0,Coupe,1984.0,Manual,2017.0,Audi,A5
1130,74999,40000.0,2.0,Coupe,5204.0,Manual,2016.0,Audi,R8
1131,45890,4450.0,2.0,Coupe,3000.0,Automatic,2019.0,BMW,M2
1132,23432,37709.0,5.0,Coupe,2993.0,Automatic,2016.0,BMW,4
1133,45942,4500.0,2.0,Coupe,3000.0,Automatic,2019.0,BMW,M2
1134,26490,14605.0,2.0,Coupe,3000.0,Automatic,2017.0,BMW,4
1135,11475,93000.0,4.0,Coupe,2993.0,Automatic,2008.0,BMW,X6
1136,8700,49000.0,2.0,Coupe,2993.0,Automatic,2012.0,BMW,3
1137,8400,40902.0,2.0,Coupe,1995.0,Manual,2009.0,BMW,1
1138,12100,66657.0,2.0,Coupe,1997.0,Manual,2014.0,BMW,4
1139,14000,55887.0,2.0,Coupe,1995.0,Automatic,2015.0,BMW,2
1140,21599,43000.0,4.0,Coupe,2993.0,Automatic,2015.0,BMW,X4
1141,11995,60000.0,2.0,Coupe,2143.0,Manual,2013.0,Mercedes-Benz,E
1142,1995,99000.0,3.0,Coupe,1999.0,Automatic,2004.0,Mercedes-Benz,C
1143,23795,19991.0,2.0,Coupe,2143.0,Automatic,2017.0,Mercedes-Benz,C
1144,9425,82000.0,2.0,Coupe,1595.0,Automatic,2014.0,Mercedes-Benz,C
1145,15790,40538.0,2.0,Coupe,2987.0,Automatic,2015.0,Mercedes-Benz,E
1146,12995,61791.0,4.0,Coupe,1796.0,Manual,2014.0,Mercedes-Benz,CLA
1148,7495,110319.0,2.0,Coupe,2143.0,Automatic,2012.0,Mercedes-Benz,C
1149,9800,83000.0,2.0,Coupe,2143.0,Automatic,2014.0,Mercedes-Benz,C
1150,31950,7679.0,5.0,Coupe,2143.0,Manual,2018.0,Mercedes-Benz,GLC
1151,149990,23470.0,2.0,Coupe,6300.0,Automatic,2013.0,Ferrari,F12
1152,189900,12114.0,2.0,Coupe,4308.0,Manual,2008.0,Ferrari,F430
1153,164800,5371.0,2.0,Coupe,3902.0,Automatic,2016.0,Ferrari,488
1156,119995,29000.0,2.0,Coupe,4497.0,Automatic,2010.0,Ferrari,458
1158,127900,20692.0,2.0,Coupe,6300.0,Automatic,2015.0,Ferrari,FF
1159,139995,19200.0,2.0,Coupe,3902.0,Automatic,2017.0,Ferrari,488
1160,284950,20675.0,2.0,Coupe,4943.0,Manual,1981.0,Ferrari,F512
1161,25750,14581.0,2.0,Coupe,2263.0,Manual,2018.0,Ford,Mustang
1162,31500,20052.0,2.0,Coupe,4951.0,Automatic,2018.0,Ford,Mustang
1163,32500,28028.0,2.0,Coupe,4951.0,Automatic,2018.0,Ford,Mustang
1164,41780,2464.0,2.0,Coupe,5000.0,Automatic,2019.0,Ford,Mustang
1165,36600,904.0,2.0,Coupe,2300.0,Automatic,2020.0,Ford,Mustang
1166,33990,19328.0,2.0,Coupe,4951.0,Automatic,2018.0,Ford,Mustang
1167,26995,3229.0,2.0,Coupe,5000.0,Manual,2008.0,Ford,Mustang
1168,495,182761.0,3.0,Coupe,1679.0,Manual,2001.0,Ford,Puma
1169,34000,14951.0,2.0,Coupe,5000.0,Automatic,2018.0,Ford,Mustang
1170,27500,50895.0,2.0,Coupe,7000.0,Automatic,1990.0,Ford,Thunderbird
1171,995,93121.0,2.0,Coupe,1668.0,Manual,2001.0,Honda,Civic
1172,89850,9798.0,2.0,Coupe,3493.0,Automatic,2017.0,Honda,NSX
1173,1995,96000.0,2.0,Coupe,1997.0,Automatic,2001.0,Honda,Accord
1174,5500,59000.0,3.0,Coupe,995.0,Manual,2006.0,Honda,Insight
1175,5000,52380.0,3.0,Coupe,1497.0,Manual,2011.0,Honda,CR-Z
1176,3449,33000.0,2.0,Coupe,1668.0,Automatic,2002.0,Honda,Civic
1177,2500,62800.0,2.0,Coupe,1668.0,Automatic,2001.0,Honda,Civic
1179,15995,73000.0,2.0,Coupe,1800.0,Manual,1999.0,Honda,Integra
1180,21990,30696.0,2.0,Coupe,2000.0,Automatic,2018.0,Audi,A5
1182,13480,63500.0,2.0,Coupe,1968.0,Automatic,2013.0,Audi,A5
1183,18498,40900.0,2.0,Coupe,1968.0,Manual,2017.0,Audi,A5
1184,17995,50481.0,2.0,Coupe,1984.0,Automatic,2015.0,Audi,TT
1185,15298,55688.0,2.0,Coupe,1798.0,Manual,2016.0,Audi,TT
1186,16000,21177.0,2.0,Coupe,1798.0,Manual,2016.0,Audi,TT
1187,4995,121095.0,2.0,Coupe,1984.0,Manual,2009.0,Audi,A5
1188,15929,46239.0,2.0,Coupe,1968.0,Manual,2016.0,Audi,TT
1189,21500,46900.0,2.0,Coupe,1984.0,Manual,2015.0,Audi,TT
1190,23000,18721.0,2.0,Coupe,3000.0,Automatic,2018.0,BMW,4
1191,21950,35000.0,4.0,Coupe,2993.0,Automatic,2017.0,BMW,4
1192,17948,44483.0,2.0,Coupe,2000.0,Automatic,2017.0,BMW,4
1193,18275,45000.0,4.0,Coupe,2993.0,Automatic,2014.0,BMW,6
1194,16699,11556.0,2.0,Coupe,1499.0,Manual,2018.0,BMW,2
1195,13990,37422.0,2.0,Coupe,1995.0,Manual,2018.0,BMW,2
1196,29150,61716.0,2.0,Coupe,4400.0,Automatic,2016.0,BMW,M6
1197,17500,30800.0,2.0,Coupe,1995.0,Automatic,2016.0,BMW,2
1199,20250,30000.0,2.0,Coupe,1995.0,Automatic,2017.0,BMW,4
1200,44990,38288.0,2.0,Coupe,4000.0,Manual,2017.0,Mercedes-Benz,C
1201,26498,4853.0,2.0,Coupe,1950.0,Automatic,2019.0,Mercedes-Benz,C
1202,32890,4588.0,4.0,Coupe,2000.0,Automatic,2020.0,Mercedes-Benz,CLA
1203,27500,64514.0,5.0,Coupe,2143.0,Automatic,2017.0,Mercedes-Benz,GLC
1204,26290,20009.0,2.0,Coupe,2000.0,Automatic,2019.0,Mercedes-Benz,C
1205,18690,37560.0,4.0,Coupe,2143.0,Automatic,2017.0,Mercedes-Benz,CLA
1206,16800,29167.0,2.0,Coupe,2987.0,Automatic,2015.0,Mercedes-Benz,E
1207,44399,10738.0,2.0,Coupe,3000.0,Automatic,2019.0,Mercedes-Benz,C
1208,16998,10232.0,2.0,Coupe,2143.0,Automatic,2015.0,Mercedes-Benz,E
1209,12000,29402.0,2.0,Coupe,2100.0,Automatic,2014.0,Mercedes-Benz,C
1210,2299950,475.0,2.0,Coupe,6262.0,Automatic,2015.0,Ferrari,Laferrari
1211,129900,22500.0,2.0,Coupe,4500.0,Automatic,2013.0,Ferrari,458
1212,90000,43000.0,2.0,Coupe,5474.0,Manual,1998.0,Ferrari,458
1213,99950,12600.0,2.0,Coupe,5748.0,Manual,2008.0,Ferrari,612
1215,144900,10118.0,2.0,Coupe,4497.0,Automatic,2013.0,Ferrari,458
1216,219950,4646.0,2.0,Coupe,6496.0,Manual,2018.0,Ferrari,812
1217,125000,12500.0,2.0,Coupe,4497.0,Automatic,2012.0,Ferrari,458
1219,159990,6384.0,2.0,Coupe,4500.0,Automatic,2014.0,Ferrari,458
1220,42190,5324.0,2.0,Coupe,4951.0,Automatic,2019.0,Ford,Mustang
1221,37999,4040.0,2.0,Coupe,5000.0,Manual,2019.0,Ford,Mustang
1222,23999,16125.0,2.0,Coupe,2263.0,Manual,2017.0,Ford,Mustang
1223,30995,1700.0,2.0,Coupe,4951.0,Manual,2017.0,Ford,Mustang
1224,17995,6000.0,2.0,Coupe,4700.0,Automatic,1966.0,Ford,Mustang
1225,27998,6330.0,2.0,Coupe,2263.0,Automatic,2018.0,Ford,Mustang
1226,29991,28625.0,2.0,Coupe,5000.0,Automatic,2017.0,Ford,Mustang
1227,30000,13690.0,2.0,Coupe,4951.0,Manual,2017.0,Ford,Mustang
1228,26490,50000.0,2.0,Coupe,2300.0,Manual,2017.0,Ford,Mustang
1229,31995,4000.0,2.0,Coupe,4951.0,Manual,2017.0,Ford,Mustang
1230,2950,96000.0,2.0,Coupe,1781.0,Manual,2006.0,Audi,TT
1231,17498,30704.0,2.0,Coupe,1968.0,Automatic,2017.0,Audi,A5
1232,15000,34000.0,2.0,Coupe,1968.0,Automatic,2014.0,Audi,A5
1234,17599,19018.0,2.0,Coupe,1798.0,Manual,2017.0,Audi,TT
1235,15298,56376.0,2.0,Coupe,1968.0,Manual,2015.0,Audi,TT
1236,81995,16000.0,2.0,Coupe,5204.0,Automatic,2016.0,Audi,R8
1237,16998,26292.0,2.0,Coupe,1968.0,Manual,2016.0,Audi,TT
1239,9995,45000.0,2.0,Coupe,1968.0,Manual,2014.0,Audi,A5
1240,13250,95031.0,5.0,Coupe,1995.0,Automatic,2015.0,BMW,4
1241,17990,25290.0,2.0,Coupe,1998.0,Automatic,2017.0,BMW,2
1242,15000,44000.0,2.0,Coupe,1500.0,Automatic,2016.0,BMW,2
1243,38998,27300.0,2.0,Coupe,2979.0,Automatic,2018.0,BMW,4
1244,14450,83000.0,4.0,Coupe,1995.0,Manual,2016.0,BMW,4
1245,14500,39307.0,2.0,Coupe,1995.0,Manual,2016.0,BMW,2
1246,43990,1585.0,2.0,Coupe,2979.0,Automatic,2019.0,BMW,4
1247,20990,36552.0,2.0,Coupe,1995.0,Automatic,2017.0,BMW,4
1248,51950,8930.0,2.0,Coupe,1499.0,Automatic,2017.0,BMW,i8
1249,21991,57507.0,5.0,Coupe,1995.0,Automatic,2016.0,BMW,X4
1250,4990,93000.0,2.0,Coupe,4966.0,Automatic,2002.0,Mercedes-Benz,CL
1251,14850,43948.0,2.0,Coupe,2143.0,Automatic,2015.0,Mercedes-Benz,E
1254,22750,48958.0,2.0,Coupe,1991.0,Automatic,2017.0,Mercedes-Benz,C
1255,3495,93626.0,2.0,Coupe,2148.0,Automatic,2008.0,Mercedes-Benz,CLK
1256,23650,21078.0,2.0,Coupe,2.0,Automatic,2017.0,Mercedes-Benz,C
1257,22950,45000.0,2.0,Coupe,6208.0,Automatic,2012.0,Mercedes-Benz,C
1258,15480,25049.0,4.0,Coupe,1595.0,Manual,2017.0,Mercedes-Benz,CLA
1259,23050,32260.0,2.0,Coupe,2143.0,Automatic,2017.0,Mercedes-Benz,C
1261,62990,48950.0,2.0,Coupe,5748.0,Automatic,2005.0,Ferrari,612
1262,324950,250.0,2.0,Coupe,3902.0,Automatic,2020.0,Ferrari,488
1263,458,111111.0,2.0,Coupe,4497.0,Automatic,2010.0,Ferrari,458
1265,229950,4950.0,2.0,Coupe,6496.0,Automatic,2019.0,Ferrari,812
1266,165000,6900.0,2.0,Coupe,6262.0,Automatic,2015.0,Ferrari,F12
1267,129995,25000.0,2.0,Coupe,5000.0,Manual,1991.0,Ferrari,Testarossa
1268,59475,32708.0,2.0,Coupe,3405.0,Manual,1993.0,Ferrari,348
1271,29750,14000.0,2.0,Coupe,4951.0,Manual,2017.0,Ford,Mustang
1272,15950,99000.0,2.0,Coupe,4700.0,Manual,1965.0,Ford,Mustang
1273,33075,1706.0,2.0,Coupe,4951.0,Manual,2018.0,Ford,Mustang
1274,35000,3559.0,2.0,Coupe,5038.0,Manual,2019.0,Ford,Mustang
1275,43999,2751.0,2.0,Coupe,5000.0,Automatic,2020.0,Ford,Mustang
1277,31900,5577.0,2.0,Coupe,4951.0,Manual,2018.0,Ford,Mustang
1278,36954,2385.0,2.0,Coupe,5038.0,Automatic,2019.0,Ford,Mustang
1280,36990,1329.0,2.0,Coupe,1984.0,Automatic,2020.0,Audi,A5
1281,18999,18500.0,2.0,Coupe,1984.0,Automatic,2016.0,Audi,TT
1282,8450,107000.0,2.0,Coupe,1798.0,Manual,2011.0,Audi,A5
1283,10995,48055.0,2.0,Coupe,1984.0,Manual,2012.0,Audi,TT
1284,13999,26774.0,2.0,Coupe,1984.0,Manual,2014.0,Audi,TT
1285,16980,66300.0,2.0,Coupe,1968.0,Automatic,2017.0,Audi,A5
1286,17970,30100.0,2.0,Coupe,1968.0,Manual,2017.0,Audi,A5
1287,37600,4999.0,2.0,Coupe,1984.0,Manual,2019.0,Audi,A5
1288,23500,36395.0,2.0,Coupe,1984.0,Automatic,2017.0,Audi,TT
1289,7295,96000.0,2.0,Coupe,1984.0,Manual,2011.0,Audi,A5
1290,20985,12423.0,4.0,Coupe,2000.0,Automatic,2017.0,BMW,4
1291,11895,56956.0,2.0,Coupe,1997.0,Manual,2014.0,BMW,4
1292,15239,28883.0,2.0,Coupe,1995.0,Manual,2017.0,BMW,4
1293,21480,5454.0,2.0,Coupe,1499.0,Automatic,2019.0,BMW,2
1294,4995,68000.0,2.0,Coupe,1995.0,Manual,2010.0,BMW,1
1295,18500,12893.0,2.0,Coupe,1995.0,Manual,2017.0,BMW,4
1296,5995,91000.0,2.0,Coupe,4398.0,Automatic,2004.0,BMW,6
1297,28990,68000.0,4.0,Coupe,2993.0,Automatic,2017.0,BMW,X6
1298,27860,123.0,2.0,Coupe,1998.0,Automatic,2019.0,BMW,4
1299,13495,21000.0,2.0,Coupe,1499.0,Manual,2017.0,BMW,2
1300,32500,39663.0,5.0,Coupe,2987.0,Automatic,2016.0,Mercedes-Benz,GLE
1301,33399,8521.0,4.0,Coupe,2900.0,Automatic,2019.0,Mercedes-Benz,CLS
1302,12990,60931.0,2.0,Coupe,2100.0,Automatic,2014.0,Mercedes-Benz,E
1303,24690,32679.0,2.0,Coupe,2000.0,Automatic,2018.0,Mercedes-Benz,E
1304,26490,14999.0,4.0,Coupe,1300.0,Automatic,2019.0,Mercedes-Benz,CLA
1305,10500,105540.0,2.0,Coupe,2143.0,Automatic,2014.0,Mercedes-Benz,E
1306,29980,4151.0,2.0,Coupe,1950.0,Manual,2020.0,Mercedes-Benz,C
1307,22000,24233.0,2.0,Coupe,2143.0,Automatic,2018.0,Mercedes-Benz,C
1309,28811,5083.0,2.0,Coupe,1991.0,Manual,2019.0,Mercedes-Benz,C
1310,285000,589.0,2.0,Coupe,6300.0,Automatic,2017.0,Ferrari,F12
1313,249950,3279.0,2.0,Coupe,6496.0,Manual,2019.0,Ferrari,812
1315,137950,11319.0,2.0,Coupe,3900.0,Manual,2018.0,Ferrari,365
1316,84995,27000.0,2.0,Coupe,4308.0,Manual,2008.0,Ferrari,F430
1318,129995,17000.0,2.0,Coupe,4497.0,Automatic,2014.0,Ferrari,458
1319,139995,9000.0,2.0,Coupe,4497.0,Automatic,2013.0,Ferrari,458
1320,74995,42700.0,2.0,Coupe,5800.0,Automatic,1967.0,Ford,Mustang
1322,33810,11238.0,2.0,Coupe,4951.0,Automatic,2018.0,Ford,Mustang
1323,32790,4256.0,2.0,Coupe,2300.0,Automatic,2018.0,Ford,Mustang
1324,38936,5425.0,2.0,Coupe,5000.0,Automatic,2018.0,Ford,Mustang
1325,38991,2498.0,2.0,Coupe,5038.0,Automatic,2019.0,Ford,Mustang
1326,1490,60000.0,3.0,Coupe,1596.0,Manual,2001.0,Ford,Puma
1327,34999,10693.0,2.0,Coupe,4600.0,Manual,2015.0,Ford,Mustang
1329,31605,23377.0,2.0,Coupe,4951.0,Manual,2018.0,Ford,Mustang
1330,3995,73623.0,2.0,Convertible,1781.0,Manual,2003.0,Audi,TT
1331,18750,27534.0,2.0,Convertible,1400.0,Automatic,2016.0,Audi,A3
1332,8490,95000.0,2.0,Convertible,2967.0,Manual,2012.0,Audi,A5
1333,11000,74456.0,2.0,Convertible,1984.0,Automatic,2012.0,Audi,A5
1334,19998,25087.0,2.0,Convertible,1984.0,Manual,2018.0,Audi,A5
1335,39999,10.0,2.0,Convertible,1968.0,Automatic,2020.0,Audi,A5
1336,8990,89000.0,2.0,Convertible,1968.0,Manual,2012.0,Audi,A5
1337,18995,30000.0,2.0,Convertible,1984.0,Manual,2018.0,Audi,A5
1338,19990,33370.0,2.0,Convertible,1500.0,Automatic,2017.0,Audi,A3
1339,4695,94000.0,2.0,Convertible,1984.0,Manual,2007.0,Audi,TT
1340,3999,87000.0,2.0,Convertible,2979.0,Manual,2002.0,BMW,3
1341,60980,101.0,2.0,Convertible,2998.0,Automatic,2020.0,BMW,8
1342,14990,80500.0,2.0,Convertible,3152.0,Manual,1998.0,BMW,Z3M
1343,3795,104140.0,2.0,Convertible,2171.0,Automatic,2006.0,BMW,3
1344,19990,43442.0,2.0,Convertible,2993.0,Automatic,2014.0,BMW,6
1345,16500,20000.0,2.0,Convertible,1499.0,Manual,2017.0,BMW,2
1346,2490,92000.0,2.0,Convertible,1995.0,Automatic,2003.0,BMW,3
1347,25425,19302.0,2.0,Convertible,3.0,Automatic,2017.0,BMW,4
1348,12495,50000.0,2.0,Convertible,1997.0,Manual,2012.0,BMW,Z4
1350,26991,12583.0,2.0,Convertible,1950.0,Automatic,2019.0,Mercedes-Benz,C
1351,16490,31000.0,2.0,Convertible,2143.0,Manual,2015.0,Mercedes-Benz,E
1352,3995,115000.0,2.0,Convertible,2996.0,Automatic,2005.0,Mercedes-Benz,CLK
1353,7995,72000.0,2.0,Convertible,3724.0,Automatic,2006.0,Mercedes-Benz,SL
1354,31346,12600.0,2.0,Convertible,1950.0,Manual,2019.0,Mercedes-Benz,E
1355,25900,9629.0,2.0,Convertible,1950.0,Automatic,2019.0,Mercedes-Benz,C
1356,28495,13000.0,2.0,Convertible,2000.0,Automatic,2018.0,Mercedes-Benz,E
1357,27500,20000.0,2.0,Convertible,1991.0,Automatic,2018.0,Mercedes-Benz,C
1358,32995,13000.0,2.0,Convertible,2987.0,Manual,2018.0,Mercedes-Benz,E
1359,28499,9500.0,2.0,Convertible,2000.0,Automatic,2019.0,Mercedes-Benz,C
1365,240000,1500.0,2.0,Convertible,3902.0,Automatic,2018.0,Ferrari,488
1367,72980,23000.0,2.0,Convertible,3586.0,Manual,2001.0,Ferrari,360
1368,69790,19000.0,2.0,Convertible,3586.0,Manual,2004.0,Ferrari,360
1369,167950,1560.0,2.0,Convertible,3855.0,Manual,2020.0,Ferrari,Portofino
1371,750,63000.0,2.0,Convertible,1997.0,Manual,2007.0,Ford,Focus
1373,2495,96000.0,2.0,Convertible,1999.0,Manual,2009.0,Ford,Focus
1374,30990,26438.0,2.0,Convertible,4951.0,Automatic,2016.0,Ford,Mustang
1375,9995,64000.0,2.0,Convertible,1597.0,Manual,1984.0,Ford,Escort
1376,1995,86000.0,2.0,Convertible,1999.0,Manual,2007.0,Ford,Focus
1377,49995,74500.0,2.0,Convertible,4768.0,Manual,1991.0,Ford,Mustang
1378,4995,38000.0,2.0,Convertible,1391.0,Manual,1993.0,Ford,Escort
1379,3050,61000.0,2.0,Convertible,1988.0,Manual,2008.0,Ford,Focus
1380,8950,60000.0,2.0,Convertible,1997.0,Manual,2003.0,Honda,S2000
1381,15995,89000.0,2.0,Convertible,1997.0,Manual,2004.0,Honda,S2000
1382,12993,73000.0,2.0,Convertible,1997.0,Manual,2008.0,Honda,S2000
1383,13995,63000.0,2.0,Convertible,1997.0,Manual,2005.0,Honda,S2000
1384,15995,49000.0,2.0,Convertible,2000.0,Manual,2004.0,Honda,S2000
1385,6995,158000.0,2.0,Convertible,1997.0,Manual,2002.0,Honda,S2000
1386,10490,68000.0,2.0,Convertible,1997.0,Manual,2003.0,Honda,S2000
1387,13995,45878.0,2.0,Convertible,1997.0,Manual,2003.0,Honda,S2000
1388,3600,113000.0,2.0,Convertible,660.0,Manual,1992.0,Honda,Beat
1389,9995,93000.0,2.0,Convertible,1997.0,Manual,2001.0,Honda,S2000
1392,18995,24950.0,2.0,Convertible,1798.0,Manual,2017.0,Audi,TT
1393,8449,39000.0,2.0,Convertible,3123.0,Automatic,2008.0,Audi,A4
1394,3995,123397.0,2.0,Convertible,1986.0,Manual,2006.0,Audi,A4
1395,17495,15101.0,2.0,Convertible,1400.0,Automatic,2016.0,Audi,A3
1396,6495,45570.0,2.0,Convertible,1781.0,Manual,2006.0,Audi,TT
1397,2495,82000.0,2.0,Convertible,2976.0,Manual,2003.0,Audi,A4
1398,16998,11487.0,2.0,Convertible,1968.0,Manual,2015.0,Audi,TT
1399,5180,53000.0,2.0,Convertible,1798.0,Manual,2008.0,Audi,A3
1400,34991,15346.0,2.0,Convertible,2993.0,Automatic,2019.0,BMW,4
1401,19950,15147.0,2.0,Convertible,2000.0,Automatic,2017.0,BMW,Z4
1402,55750,8301.0,2.0,Convertible,2993.0,Automatic,2019.0,BMW,8
1403,18995,32200.0,2.0,Convertible,1998.0,Automatic,2016.0,BMW,4
1404,7695,40784.0,2.0,Convertible,1895.0,Manual,2001.0,BMW,Z3
1405,20498,20767.0,2.0,Convertible,1998.0,Automatic,2018.0,BMW,4
1406,18495,22500.0,2.0,Convertible,1995.0,Automatic,2015.0,BMW,4
1407,23859,7755.0,2.0,Convertible,1995.0,Automatic,2019.0,BMW,2
1408,17000,26000.0,2.0,Convertible,1998.0,Manual,2016.0,BMW,4
1409,3950,81122.0,2.0,Convertible,1995.0,Manual,2006.0,BMW,Z4
1410,47999,12344.0,2.0,Convertible,2999.0,Automatic,2019.0,Mercedes-Benz,E
1411,6000,82000.0,2.0,Convertible,3724.0,Automatic,2003.0,Mercedes-Benz,SL
1412,44295,7000.0,2.0,Convertible,2996.0,Automatic,2019.0,Mercedes-Benz,SL
1413,24995,34693.0,2.0,Convertible,2100.0,Automatic,2017.0,Mercedes-Benz,C
1414,11495,48000.0,2.0,Convertible,2143.0,Automatic,2013.0,Mercedes-Benz,E
1415,20998,19387.0,2.0,Convertible,2987.0,Automatic,2016.0,Mercedes-Benz,E
1416,30099,1982.0,2.0,Convertible,2000.0,Automatic,2019.0,Mercedes-Benz,SLC
1417,12495,44000.0,2.0,Convertible,1796.0,Automatic,2013.0,Mercedes-Benz,SLK
1418,13990,34999.0,2.0,Convertible,2000.0,Automatic,2015.0,Mercedes-Benz,SLK
1419,10995,81237.0,2.0,Convertible,4973.0,Automatic,1990.0,Mercedes-Benz,SL
1422,167948,4500.0,2.0,Convertible,3902.0,Automatic,2017.0,Ferrari,488
1423,98975,17455.0,2.0,Convertible,3855.0,Automatic,2015.0,Ferrari,California
1424,69990,11700.0,2.0,Convertible,3586.0,Automatic,2004.0,Ferrari,360
1425,107888,9988.0,2.0,Convertible,3855.0,Automatic,2016.0,Ferrari,California
1426,174877,15000.0,2.0,Convertible,3900.0,Automatic,2016.0,Ferrari,488
1427,169990,10851.0,2.0,Convertible,4500.0,Automatic,2014.0,Ferrari,458
1428,87995,17800.0,2.0,Convertible,4308.0,Manual,2005.0,Ferrari,F430
1429,84995,9000.0,2.0,Convertible,4297.0,Manual,2012.0,Ferrari,California
1430,32499,13191.0,2.0,Convertible,4951.0,Manual,2018.0,Ford,Mustang
1431,3871,53000.0,2.0,Convertible,1997.0,Manual,2009.0,Ford,Focus
1432,1999,63000.0,2.0,Convertible,1599.0,Manual,2005.0,Ford,Streetka
1433,1850,74055.0,2.0,Convertible,1599.0,Manual,2006.0,Ford,Streetka
1434,1799,90000.0,2.0,Convertible,1999.0,Manual,2008.0,Ford,Focus
1435,1150,108000.0,2.0,Convertible,1999.0,Manual,2009.0,Ford,Focus
1436,2185,68189.0,2.0,Convertible,1999.0,Manual,2008.0,Ford,Focus
1437,890,78000.0,2.0,Convertible,1597.0,Manual,2004.0,Ford,Streetka
1438,49999,6000.0,2.0,Convertible,5038.0,Automatic,2018.0,Ford,Mustang
1439,32495,15985.0,2.0,Convertible,4951.0,Automatic,2018.0,Ford,Mustang
1440,5995,101000.0,2.0,Convertible,4163.0,Manual,2007.0,Audi,S4
1441,1195,1.0,2.0,Convertible,2393.0,Manual,2003.0,Audi,A4
1442,8900,81000.0,2.0,Convertible,1798.0,Manual,2012.0,Audi,A5
1443,18990,38325.0,2.0,Convertible,1800.0,Manual,2017.0,Audi,TT
1445,7595,71000.0,2.0,Convertible,1798.0,Manual,2011.0,Audi,A3
1446,15999,31125.0,2.0,Convertible,1798.0,Manual,2016.0,Audi,TT
1447,29995,5150.0,2.0,Convertible,2000.0,Automatic,2019.0,Audi,A5
1449,24995,23180.0,2.0,Convertible,1984.0,Automatic,2017.0,Audi,S3
1450,2995,105069.0,2.0,Convertible,1895.0,Manual,2001.0,BMW,Z3
1451,5995,58000.0,2.0,Convertible,2996.0,Automatic,2007.0,BMW,3
1452,11000,55846.0,2.0,Convertible,1997.0,Manual,2012.0,BMW,Z4
1453,27495,15868.0,2.0,Convertible,1998.0,Automatic,2017.0,BMW,4
1454,3995,82551.0,2.0,Convertible,2171.0,Manual,2004.0,BMW,Z4
1455,3290,113000.0,2.0,Convertible,1895.0,Manual,2001.0,BMW,Z3
1456,5295,81642.0,2.0,Convertible,1995.0,Manual,2008.0,BMW,Z4
1457,11995,105000.0,2.0,Convertible,3246.0,Manual,2006.0,BMW,M3
1458,19499,39441.0,2.0,Convertible,2993.0,Automatic,2015.0,BMW,4
1459,17795,24000.0,2.0,Convertible,1995.0,Automatic,2015.0,BMW,4
1460,22000,22465.0,2.0,Convertible,2100.0,Automatic,2017.0,Mercedes-Benz,C
1461,25991,13642.0,2.0,Convertible,2143.0,Automatic,2017.0,Mercedes-Benz,C
1462,10970,75000.0,2.0,Convertible,2987.0,Automatic,2011.0,Mercedes-Benz,E
1463,16990,37216.0,2.0,Convertible,2143.0,Manual,2016.0,Mercedes-Benz,E
1464,1700,105000.0,2.0,Convertible,2597.0,Automatic,2003.0,Mercedes-Benz,CLK
1465,26998,24029.0,2.0,Convertible,1950.0,Automatic,2018.0,Mercedes-Benz,E
1466,4999,105000.0,2.0,Convertible,1796.0,Automatic,2009.0,Mercedes-Benz,SLK
1467,6950,77600.0,2.0,Convertible,3498.0,Automatic,2007.0,Mercedes-Benz,CLK
1468,10000,64000.0,2.0,Convertible,2143.0,Automatic,2012.0,Mercedes-Benz,E
1470,183500,2600.0,2.0,Convertible,3900.0,Automatic,2018.0,Ferrari,488
1471,55000,43000.0,2.0,Convertible,3500.0,Manual,2015.0,Ferrari,F355
1473,190095,295.0,2.0,Convertible,3902.0,Automatic,2017.0,Ferrari,488
1474,147990,15151.0,2.0,Convertible,4000.0,Automatic,2018.0,Ferrari,Portofino
1475,99990,23924.0,2.0,Convertible,4000.0,Automatic,2015.0,Ferrari,California
1476,214990,1450.0,2.0,Convertible,3900.0,Automatic,2019.0,Ferrari,488
1477,199995,2000.0,2.0,Convertible,3902.0,Automatic,2018.0,Ferrari,488
1478,81975,16300.0,2.0,Convertible,4297.0,Automatic,2008.0,Ferrari,F430
1480,6499,43601.0,2.0,Convertible,1597.0,Manual,1985.0,Ford,Escort
1481,29995,5000.0,2.0,Convertible,4951.0,Manual,2017.0,Ford,Mustang
1482,13995,54000.0,2.0,Convertible,4000.0,Manual,2010.0,Ford,Mustang
1483,1695,78270.0,2.0,Convertible,1597.0,Manual,2004.0,Ford,Streetka
1484,1299,71000.0,2.0,Convertible,1597.0,Manual,2004.0,Ford,Streetka
1485,1590,66000.0,2.0,Convertible,1597.0,Manual,2005.0,Ford,Streetka
1486,3295,53000.0,2.0,Convertible,1999.0,Manual,2008.0,Ford,Focus
1487,750,90000.0,2.0,Convertible,1796.0,Manual,1996.0,Ford,Escort
1488,2000,74000.0,2.0,Convertible,1988.0,Manual,2007.0,Ford,Focus
1489,1995,54850.0,2.0,Convertible,1597.0,Manual,2004.0,Ford,Streetka
1490,18225,19249.0,2.0,Convertible,2.0,Manual,2016.0,Audi,A5
1491,1695,115461.0,2.0,Convertible,2393.0,Manual,2005.0,Audi,A4
1492,6490,70000.0,2.0,Convertible,1968.0,Manual,2012.0,Audi,A3
1493,85995,20000.0,2.0,Convertible,5204.0,Automatic,2018.0,Audi,R8
1494,14000,39500.0,2.0,Convertible,2000.0,Automatic,2014.0,Audi,A5
1495,32100,3312.0,2.0,Convertible,1984.0,Manual,2019.0,Audi,A3
1496,5950,68000.0,2.0,Convertible,3123.0,Manual,2008.0,Audi,A4
1497,18250,21550.0,2.0,Convertible,1798.0,Manual,2016.0,Audi,TT
1498,42975,50000.0,2.0,Convertible,4163.0,Automatic,2011.0,Audi,R8
1499,15995,27508.0,2.0,Convertible,1968.0,Manual,2014.0,Audi,A5
1500,24995,16392.0,2.0,Convertible,2000.0,Automatic,2018.0,BMW,4
1502,11490,76000.0,2.0,Convertible,1995.0,Manual,2014.0,BMW,4
1503,29999,56000.0,2.0,Convertible,3201.0,Manual,1999.0,BMW,Z3M
1504,3990,62458.0,2.0,Convertible,1895.0,Manual,2000.0,BMW,Z3
1505,22980,46520.0,2.0,Convertible,2993.0,Automatic,2017.0,BMW,4
1507,8000,58664.0,2.0,Convertible,1995.0,Manual,2012.0,BMW,1
1508,9829,49465.0,2.0,Convertible,1995.0,Manual,2013.0,BMW,1
1509,27990,30000.0,2.0,Convertible,2979.0,Automatic,2017.0,BMW,4
1510,21995,7000.0,2.0,Convertible,2143.0,Automatic,2016.0,Mercedes-Benz,SLC
1511,42995,19289.0,2.0,Convertible,5500.0,Automatic,2015.0,Mercedes-Benz,SL
1512,9999,89591.0,2.0,Convertible,2143.0,Manual,2013.0,Mercedes-Benz,SLK
1514,27500,21106.0,2.0,Convertible,2000.0,Automatic,2018.0,Mercedes-Benz,E
1515,29000,59000.0,2.0,Convertible,2962.0,Automatic,2002.0,Mercedes-Benz,SL
1516,8990,89000.0,2.0,Convertible,2143.0,Automatic,2013.0,Mercedes-Benz,SLK
1518,13985,28780.0,2.0,Convertible,2143.0,Automatic,2014.0,Mercedes-Benz,SLK
1519,32444,16035.0,2.0,Convertible,2000.0,Automatic,2019.0,Mercedes-Benz,E
1520,50000,68800.0,2.0,Convertible,3586.0,Manual,2003.0,Ferrari,360
1522,69995,30246.0,2.0,Convertible,4735.0,Automatic,2009.0,Ferrari,360
1523,69950,30000.0,2.0,Convertible,4297.0,Automatic,2012.0,Ferrari,California
1524,84995,16000.0,2.0,Convertible,4308.0,Manual,2007.0,Ferrari,F430
1526,91990,4999.0,2.0,Convertible,3855.0,Automatic,2015.0,Ferrari,California
1527,67000,26900.0,2.0,Convertible,4297.0,Automatic,2010.0,Ferrari,California
1528,79895,6749.0,2.0,Convertible,3586.0,Manual,2005.0,Ferrari,458
1530,2195,117000.0,2.0,Convertible,1999.0,Manual,2008.0,Ford,Focus
1531,3195,95490.0,2.0,Convertible,1997.0,Manual,2008.0,Ford,Focus
1532,2995,111000.0,2.0,Convertible,1997.0,Manual,2007.0,Ford,Focus
1533,29500,19610.0,2.0,Convertible,4951.0,Automatic,2016.0,Ford,Mustang
1534,1699,99000.0,2.0,Convertible,1997.0,Manual,2007.0,Ford,Focus
1535,25500,38306.0,2.0,Convertible,2261.0,Manual,2018.0,Ford,Mustang
1536,2350,110612.0,2.0,Convertible,2300.0,Manual,1990.0,Ford,Mustang
1537,1485,79000.0,2.0,Convertible,1597.0,Manual,2005.0,Ford,Streetka
1539,1999,74000.0,2.0,Convertible,1999.0,Manual,2008.0,Ford,Focus
1540,35995,3354.0,2.0,Convertible,1984.0,Manual,2019.0,Audi,A5
1541,74995,18000.0,2.0,Convertible,5204.0,Manual,2012.0,Audi,R8
1542,9995,48912.0,2.0,Convertible,1598.0,Manual,2013.0,Audi,A3
1545,4250,62500.0,2.0,Convertible,1800.0,Manual,2004.0,Audi,TT
1546,7995,43995.0,2.0,Convertible,1197.0,Manual,2013.0,Audi,A3
1547,1999,124000.0,2.0,Convertible,1781.0,Manual,2004.0,Audi,TT
1548,8295,90000.0,2.0,Convertible,1968.0,Manual,2011.0,Audi,A5
1549,37000,99.0,2.0,Convertible,2000.0,Automatic,2020.0,Audi,A5
1550,6950,60549.0,2.0,Convertible,1995.0,Manual,2008.0,BMW,1
1552,4790,106000.0,2.0,Convertible,1995.0,Manual,2009.0,BMW,3
1553,17500,11800.0,2.0,Convertible,1997.0,Automatic,2015.0,BMW,Z4
1554,10990,66000.0,2.0,Convertible,2993.0,Automatic,2012.0,BMW,3
1555,1895,137000.0,2.0,Convertible,2200.0,Automatic,2003.0,BMW,3
1556,8450,72508.0,2.0,Convertible,2996.0,Automatic,2007.0,BMW,6
1557,10000,61200.0,2.0,Convertible,1997.0,Manual,2012.0,BMW,Z4
1558,17280,36358.0,2.0,Convertible,1995.0,Manual,2017.0,BMW,2
1560,8995,81000.0,2.0,Convertible,2143.0,Automatic,2012.0,Mercedes-Benz,SLK
1561,28480,16373.0,2.0,Convertible,1950.0,Manual,2019.0,Mercedes-Benz,C
1562,4995,79000.0,2.0,Convertible,2996.0,Manual,2007.0,Mercedes-Benz,SLK
1563,14475,50000.0,2.0,Convertible,2987.0,Automatic,2014.0,Mercedes-Benz,E
1564,32900,7441.0,2.0,Convertible,3000.0,Automatic,2018.0,Mercedes-Benz,SLC
1566,22995,14018.0,2.0,Convertible,3498.0,Automatic,2013.0,Mercedes-Benz,SL
1567,14475,15000.0,2.0,Convertible,2143.0,Automatic,2016.0,Mercedes-Benz,SLK
1568,46900,5999.0,2.0,Convertible,1950.0,Automatic,2020.0,Mercedes-Benz,E
1569,13890,53710.0,2.0,Convertible,2143.0,Automatic,2014.0,Mercedes-Benz,E
1570,84495,13000.0,2.0,Convertible,4300.0,Automatic,2012.0,Ferrari,California
1571,155995,2725.0,2.0,Convertible,3855.0,Automatic,2020.0,Ferrari,Portofino
1572,188990,53340.0,2.0,Convertible,5700.0,Automatic,2016.0,Ferrari,Superamerica
1573,149995,5500.0,2.0,Convertible,4308.0,Manual,2005.0,Ferrari,F430
1575,124995,1800.0,2.0,Convertible,3855.0,Automatic,2018.0,Ferrari,California
1576,167450,11223.0,2.0,Convertible,3902.0,Automatic,2017.0,Ferrari,488
1577,184995,3000.0,2.0,Convertible,3902.0,Automatic,2018.0,Ferrari,488
1579,384950,225.0,2.0,Convertible,3902.0,Automatic,2020.0,Ferrari,488
1580,26495,2684.0,2.0,Convertible,2263.0,Automatic,2017.0,Ford,Mustang
1581,4795,85000.0,2.0,Convertible,1800.0,Manual,1993.0,Ford,Escort
1583,29000,40339.0,2.0,Convertible,4951.0,Automatic,2017.0,Ford,Mustang
1584,995,58000.0,2.0,Convertible,1597.0,Manual,2004.0,Ford,Streetka
1585,2695,64000.0,2.0,Convertible,1999.0,Manual,2008.0,Ford,Focus
1586,2990,53000.0,2.0,Convertible,1988.0,Manual,2008.0,Ford,Focus
1587,29633,16000.0,2.0,Convertible,4951.0,Automatic,2017.0,Ford,Mustang
1588,2990,45046.0,2.0,Convertible,1988.0,Manual,2007.0,Ford,Focus
1589,3400,84000.0,2.0,Convertible,1997.0,Manual,2007.0,Ford,Focus
1591,19599,41187.0,5.0,MPV,1968.0,Automatic,2016.0,Audi,Q3
1592,48000,26475.0,5.0,MPV,4.0,Automatic,2018.0,Audi,SQ7
1593,21490,54000.0,5.0,MPV,2143.0,Automatic,2016.0,Audi,S3
1594,16945,18555.0,5.0,MPV,1995.0,Automatic,2017.0,BMW,2
1595,19280,123.0,5.0,MPV,1995.0,Manual,2019.0,BMW,2
1596,14025,12830.0,4.0,MPV,1500.0,Manual,2017.0,BMW,2
1598,15700,49298.0,5.0,MPV,1995.0,Manual,2017.0,BMW,2
1599,11795,81320.0,5.0,MPV,1499.0,Automatic,2016.0,BMW,2
1600,10995,81000.0,5.0,MPV,1499.0,Automatic,2015.0,BMW,2
1602,15450,24718.0,4.0,MPV,1500.0,Automatic,2016.0,BMW,2
1603,16450,13658.0,5.0,MPV,1500.0,Manual,2019.0,BMW,2
1604,6990,89000.0,5.0,MPV,1461.0,Manual,2013.0,Mercedes-Benz,B
1605,16990,34138.0,5.0,MPV,2100.0,Automatic,2017.0,Mercedes-Benz,B
1606,10000,51500.0,5.0,MPV,1461.0,Automatic,2015.0,Mercedes-Benz,B
1607,23991,303.0,5.0,MPV,2100.0,Automatic,2020.0,Mercedes-Benz,Vito
1608,27999,37500.0,5.0,MPV,2200.0,Automatic,2017.0,Mercedes-Benz,V
1609,25699,6719.0,5.0,MPV,2000.0,Automatic,2019.0,Mercedes-Benz,B
1610,25350,16732.0,5.0,MPV,2000.0,Automatic,2019.0,Mercedes-Benz,B
1611,25799,2893.0,5.0,MPV,2000.0,Automatic,2020.0,Mercedes-Benz,B
1612,25999,4432.0,5.0,MPV,2000.0,Automatic,2019.0,Mercedes-Benz,B
1613,34900,7288.0,5.0,MPV,2200.0,Automatic,2019.0,Mercedes-Benz,V
1624,9199,25000.0,5.0,MPV,999.0,Manual,2017.0,Ford,B-MAX
1625,16490,27000.0,5.0,MPV,1997.0,Manual,2017.0,Ford,S-Max
1626,8495,31254.0,5.0,MPV,1499.0,Automatic,2016.0,Ford,C-Max
1627,17500,40163.0,5.0,MPV,2000.0,Manual,2016.0,Ford,Galaxy
1628,19699,14194.0,5.0,MPV,1995.0,Manual,2019.0,Ford,Galaxy
1629,11995,8000.0,5.0,MPV,1499.0,Manual,2018.0,Ford,Grand
1630,8990,28360.0,5.0,MPV,1000.0,Manual,2016.0,Ford,B-MAX
1631,17500,34455.0,5.0,MPV,1997.0,Manual,2017.0,Ford,Galaxy
1632,17500,20433.0,5.0,MPV,1997.0,Manual,2017.0,Ford,S-Max
1633,7299,31000.0,5.0,MPV,998.0,Manual,2015.0,Ford,B-MAX
1635,6995,69500.0,5.0,MPV,2000.0,Automatic,2007.0,Honda,Stepwagon
1636,3495,59951.0,5.0,MPV,1799.0,Manual,2008.0,Honda,Fr-V
1637,4995,34000.0,5.0,MPV,1500.0,Automatic,2005.0,Honda,Mobilio
1638,1995,81497.0,5.0,MPV,1668.0,Manual,2002.0,Honda,Stream
1639,5495,54137.0,5.0,MPV,1799.0,Manual,2008.0,Honda,Fr-V
1642,3495,54000.0,5.0,MPV,1700.0,Automatic,2004.0,Honda,Stream
1643,3499,87649.0,5.0,MPV,1799.0,Manual,2009.0,Honda,Fr-V
1644,17980,24035.0,5.0,MPV,1995.0,Manual,2017.0,BMW,2
1646,17600,14399.0,5.0,MPV,2.0,Automatic,2018.0,BMW,2
1647,18995,7891.0,5.0,MPV,1499.0,Automatic,2017.0,BMW,2
1649,13350,15970.0,5.0,MPV,1499.0,Manual,2017.0,BMW,2
1650,18980,17979.0,5.0,MPV,1995.0,Automatic,2018.0,BMW,2
1651,8895,125241.0,5.0,MPV,1496.0,Manual,2016.0,BMW,2
1652,13995,33493.0,5.0,MPV,1499.0,Automatic,2016.0,BMW,2
1653,17670,20918.0,5.0,MPV,1995.0,Automatic,2016.0,BMW,2
1654,20780,109235.0,5.0,MPV,2143.0,Automatic,2015.0,Mercedes-Benz,V
1655,15750,12000.0,5.0,MPV,1595.0,Manual,2018.0,Mercedes-Benz,B
1656,34950,10663.0,5.0,MPV,2143.0,Manual,2019.0,Mercedes-Benz,V
1657,4495,19000.0,5.0,MPV,1898.0,Manual,2004.0,Mercedes-Benz,Vaneo
1659,23599,3014.0,5.0,MPV,2000.0,Automatic,2019.0,Mercedes-Benz,B
1660,24994,97629.0,5.0,MPV,2143.0,Automatic,2018.0,Mercedes-Benz,V
1661,5995,102000.0,5.0,MPV,1796.0,Manual,2013.0,Mercedes-Benz,B
1662,7500,40000.0,5.0,MPV,1796.0,Manual,2013.0,Mercedes-Benz,B
1663,15990,17060.0,5.0,MPV,1595.0,Manual,2016.0,Mercedes-Benz,B
1674,7495,24400.0,5.0,MPV,1388.0,Manual,2013.0,Ford,B-MAX
1675,5000,71109.0,5.0,MPV,1596.0,Manual,2012.0,Ford,B-MAX
1676,2995,130000.0,5.0,MPV,1997.0,Manual,2012.0,Ford,Galaxy
1677,2790,73629.0,5.0,MPV,1997.0,Manual,2007.0,Ford,C-Max
1678,4995,84953.0,5.0,MPV,1997.0,Manual,2013.0,Ford,C-Max
1680,6495,45972.0,5.0,MPV,1596.0,Manual,2014.0,Ford,B-MAX
1681,6790,34000.0,5.0,MPV,999.0,Manual,2015.0,Ford,B-MAX
1682,4500,105000.0,5.0,MPV,1997.0,Manual,2011.0,Ford,Grand
1685,1750,116357.0,5.0,MPV,2204.0,Manual,2007.0,Honda,Fr-V
1686,1990,109000.0,5.0,MPV,1668.0,Manual,2006.0,Honda,Fr-V
1687,15695,14000.0,5.0,MPV,1997.0,Automatic,2014.0,Honda,CR-V
1688,4470,97131.0,5.0,MPV,1799.0,Automatic,2008.0,Honda,Fr-V
1689,1125,89170.0,5.0,MPV,2204.0,Manual,2008.0,Honda,Fr-V
1690,7995,51500.0,5.0,MPV,2000.0,Automatic,2006.0,Honda,Stepwagon
1691,4390,101000.0,5.0,MPV,1996.0,Manual,2014.0,Honda,Stepwagon
1692,3490,131000.0,5.0,MPV,1799.0,Automatic,2007.0,Honda,Fr-V
1693,5495,34000.0,5.0,MPV,1998.0,Automatic,2005.0,Honda,Stream
1694,9995,50000.0,5.0,MPV,1995.0,Automatic,2015.0,BMW,2
1695,17000,46366.0,5.0,MPV,1995.0,Automatic,2016.0,BMW,2
1696,17700,17817.0,5.0,MPV,1496.0,Automatic,2017.0,BMW,2
1697,14995,19018.0,5.0,MPV,1499.0,Automatic,2017.0,BMW,2
1698,10990,59152.0,5.0,MPV,1995.0,Automatic,2015.0,BMW,2
1699,13999,14000.0,5.0,MPV,1496.0,Manual,2017.0,BMW,2
1700,15000,76443.0,5.0,MPV,1995.0,Automatic,2017.0,BMW,2
1701,13750,21400.0,5.0,MPV,1995.0,Automatic,2015.0,BMW,2
1702,22450,8690.0,5.0,MPV,1995.0,Automatic,2019.0,BMW,2
1703,20998,4625.0,5.0,MPV,1499.0,Automatic,2020.0,BMW,2
1704,48250,10.0,5.0,MPV,2000.0,Automatic,2020.0,Mercedes-Benz,V
1705,9999,39790.0,5.0,MPV,1461.0,Automatic,2014.0,Mercedes-Benz,B
1706,19992,11555.0,5.0,MPV,2100.0,Automatic,2019.0,Mercedes-Benz,Vito
1707,31999,6801.0,5.0,MPV,2143.0,Automatic,2018.0,Mercedes-Benz,V
1708,22575,3016.0,5.0,MPV,2.0,Automatic,2019.0,Mercedes-Benz,B
1709,28495,250.0,5.0,MPV,1300.0,Automatic,2020.0,Mercedes-Benz,B
1710,7495,90000.0,5.0,MPV,1796.0,Automatic,2013.0,Mercedes-Benz,B
1711,32995,26434.0,5.0,MPV,2143.0,Automatic,2018.0,Mercedes-Benz,V
1712,32000,17000.0,5.0,MPV,2143.0,Automatic,2016.0,Mercedes-Benz,V
1713,23495,500.0,5.0,MPV,2100.0,Automatic,2020.0,Mercedes-Benz,Vito
1725,15000,9323.0,5.0,MPV,1000.0,Manual,2018.0,Ford,C-Max
1727,10400,9553.0,5.0,MPV,1596.0,Manual,2017.0,Ford,C-Max
1728,5990,85500.0,5.0,MPV,1560.0,Manual,2015.0,Ford,C-Max
1729,11000,46325.0,5.0,MPV,2000.0,Manual,2016.0,Ford,Grand
1730,9999,11721.0,5.0,MPV,1596.0,Automatic,2017.0,Ford,B-MAX
1731,19995,7013.0,5.0,MPV,2000.0,Manual,2016.0,Ford,Tourneo
1732,2195,85994.0,5.0,MPV,1596.0,Manual,2007.0,Ford,C-Max
1733,5995,61000.0,5.0,MPV,1997.0,Automatic,2009.0,Ford,S-Max
1734,6495,68890.0,5.0,MPV,2000.0,Automatic,2005.0,Honda,Stepwagon
1735,3440,103000.0,5.0,MPV,1799.0,Manual,2008.0,Honda,Fr-V
1738,950,182000.0,5.0,MPV,1998.0,Automatic,2001.0,Honda,Stream
1739,5000,75000.0,5.0,MPV,1799.0,Automatic,2008.0,Honda,Fr-V
1740,1000,133000.0,5.0,MPV,1998.0,Manual,2005.0,Honda,Fr-V
1741,4295,103900.0,5.0,MPV,1799.0,Manual,2009.0,Honda,Fr-V
1743,2685,124000.0,5.0,MPV,1799.0,Manual,2007.0,Honda,Fr-V
1744,14495,12286.0,5.0,MPV,1499.0,Manual,2019.0,BMW,2
1746,24990,6668.0,5.0,MPV,1499.0,Automatic,2019.0,BMW,2
1747,13950,68587.0,5.0,MPV,1496.0,Automatic,2017.0,BMW,2
1748,13250,58000.0,5.0,MPV,1496.0,Manual,2016.0,BMW,2
1749,11500,83280.0,5.0,MPV,1995.0,Manual,2017.0,BMW,2
1750,11795,93530.0,5.0,MPV,1499.0,Automatic,2017.0,BMW,2
1751,17950,27969.0,5.0,MPV,1995.0,Automatic,2019.0,BMW,2
1753,16800,31714.0,5.0,MPV,1995.0,Automatic,2017.0,BMW,2
1754,13994,16000.0,5.0,MPV,1461.0,Automatic,2017.0,Mercedes-Benz,B
1755,8950,45000.0,5.0,MPV,1796.0,Manual,2014.0,Mercedes-Benz,B
1756,13999,12883.0,5.0,MPV,1500.0,Manual,2018.0,Mercedes-Benz,B
1757,4295,95000.0,5.0,MPV,1699.0,Automatic,2008.0,Mercedes-Benz,B
1758,39928,6167.0,5.0,MPV,2143.0,Manual,2019.0,Mercedes-Benz,V
1759,4995,63000.0,5.0,MPV,1498.0,Automatic,2008.0,Mercedes-Benz,B
1760,8250,89000.0,5.0,MPV,1461.0,Manual,2015.0,Mercedes-Benz,B
1761,13750,21500.0,5.0,MPV,2143.0,Automatic,2016.0,Mercedes-Benz,B
1762,33995,10000.0,5.0,MPV,2143.0,Automatic,2019.0,Mercedes-Benz,V
1763,41999,8628.0,5.0,MPV,2000.0,Automatic,2019.0,Mercedes-Benz,V
1774,2495,135832.0,5.0,MPV,1600.0,Manual,2008.0,Ford,C-Max
1775,10500,24486.0,5.0,MPV,999.0,Manual,2017.0,Ford,Grand
1776,3490,118000.0,5.0,MPV,1997.0,Manual,2009.0,Ford,S-Max
1777,11486,17779.0,5.0,MPV,1499.0,Manual,2017.0,Ford,C-Max
1778,18495,17066.0,5.0,MPV,2000.0,Manual,2017.0,Ford,Galaxy
1779,9970,28874.0,5.0,MPV,1596.0,Automatic,2017.0,Ford,B-MAX
1780,9300,43810.0,5.0,MPV,1499.0,Manual,2016.0,Ford,Grand
1781,20950,17049.0,5.0,MPV,2000.0,Manual,2019.0,Ford,Galaxy
1782,4775,73875.0,5.0,MPV,1560.0,Manual,2014.0,Ford,B-MAX
1783,6698,30910.0,5.0,MPV,1560.0,Manual,2013.0,Ford,Grand
1784,2800,100000.0,5.0,MPV,2204.0,Manual,2006.0,Honda,Fr-V
1786,2595,103162.0,5.0,MPV,2204.0,Manual,2007.0,Honda,Fr-V
1787,3690,98417.0,5.0,MPV,1799.0,Manual,2009.0,Honda,Fr-V
1788,1995,96100.0,5.0,MPV,1668.0,Manual,2005.0,Honda,Fr-V
1789,2581,108000.0,5.0,MPV,2204.0,Manual,2007.0,Honda,Fr-V
1790,2150,135000.0,5.0,MPV,2204.0,Manual,2005.0,Honda,Fr-V
1793,3995,84000.0,5.0,MPV,1799.0,Manual,2009.0,Honda,Fr-V
1795,13250,38000.0,5.0,MPV,1995.0,Manual,2016.0,BMW,2
1796,12798,35999.0,5.0,MPV,1496.0,Manual,2017.0,BMW,2
1798,18000,17545.0,5.0,MPV,1995.0,Automatic,2016.0,BMW,2
1799,11700,87889.0,5.0,MPV,1995.0,Automatic,2016.0,BMW,2
1800,10499,82830.0,5.0,MPV,1496.0,Manual,2016.0,BMW,2
1801,17950,5430.0,5.0,MPV,1499.0,Manual,2019.0,BMW,2
1802,8500,87110.0,5.0,MPV,1496.0,Manual,2016.0,BMW,2
1803,24780,4878.0,5.0,MPV,1995.0,Automatic,2020.0,BMW,2
1804,4995,44821.0,5.0,MPV,1991.0,Manual,2010.0,Mercedes-Benz,B
1805,8995,59300.0,5.0,MPV,1595.0,Automatic,2013.0,Mercedes-Benz,B
1807,43999,118.0,5.0,MPV,2200.0,Automatic,2019.0,Mercedes-Benz,V
1808,18400,14442.0,5.0,MPV,1300.0,Automatic,2019.0,Mercedes-Benz,B
1809,13600,15653.0,5.0,MPV,1595.0,Manual,2016.0,Mercedes-Benz,B
1810,8000,104420.0,5.0,MPV,1461.0,Manual,2016.0,Mercedes-Benz,B
1811,11990,48200.0,5.0,MPV,2143.0,Automatic,2014.0,Mercedes-Benz,B
1812,34750,6571.0,5.0,MPV,2100.0,Automatic,2018.0,Mercedes-Benz,V
1813,26699,1497.0,5.0,MPV,2000.0,Automatic,2020.0,Mercedes-Benz,B
1824,1195,132000.0,5.0,MPV,1798.0,Manual,2006.0,Ford,C-Max
1825,12995,4597.0,5.0,MPV,999.0,Manual,2019.0,Ford,Tourneo
1826,13495,51545.0,5.0,MPV,2000.0,Manual,2016.0,Ford,Galaxy
1827,2495,133694.0,5.0,MPV,1997.0,Manual,2007.0,Ford,Galaxy
1828,14600,33607.0,5.0,MPV,1997.0,Manual,2015.0,Ford,Galaxy
1829,10000,24490.0,5.0,MPV,2000.0,Automatic,2015.0,Ford,C-Max
1830,11000,20011.0,5.0,MPV,999.0,Manual,2018.0,Ford,C-Max
1831,11000,14689.0,5.0,MPV,1500.0,Manual,2017.0,Ford,C-Max
1832,21995,16448.0,5.0,MPV,1996.0,Manual,2019.0,Ford,Galaxy
1833,19425,13440.0,5.0,MPV,2.0,Manual,2019.0,Ford,S-Max
1834,3999,84000.0,5.0,MPV,2990.0,Automatic,2003.0,Honda,Odyssey
1836,5995,68000.0,5.0,MPV,1799.0,Automatic,2009.0,Honda,Fr-V
1837,7495,58000.0,5.0,MPV,2000.0,Automatic,2009.0,Honda,Stepwagon
1839,1299,189000.0,5.0,MPV,2204.0,Manual,2005.0,Honda,Fr-V
1841,1995,117000.0,5.0,MPV,1799.0,Manual,2008.0,Honda,Fr-V
1842,1990,124000.0,5.0,MPV,2204.0,Manual,2006.0,Honda,Fr-V
1843,1895,120000.0,5.0,MPV,2204.0,Manual,2006.0,Honda,Fr-V
